coût total employeur,salaire brut,rémunération avant impôt,rémunération après impôt,cout marginal employeur,net apres impots marginal,tx prelevement marginal,tx prelevement total,revenu net imposable
1756.7098688411725,1682.5975322054453,1310.0,1310.0,13.038949718765252,10.0,0.23,0.25428784489187173,14148.0
1769.7488185599373,1695.23021485035,1320.0,1320.0,13.038949718764798,10.0,0.23,0.25413151808533296,14256.0
1782.7877682787023,1707.8628974952549,1330.0,1330.0,13.038949718765025,10.0,0.23,0.2539774779727034,14364.0
1795.8267179974673,1720.4955801401597,1340.0,1340.0,13.038949718765025,10.0,0.23,0.25382567474483897,14472.0
1808.865667716232,1733.1282627850644,1350.0,1350.0,13.038949718764798,10.0,0.23,0.2536760600287694,14580.0
1821.9046174349971,1745.7609454299693,1360.0,1360.0,13.038949718765025,10.0,0.23,0.25352858683630597,14688.0
1834.943567153762,1758.393628074874,1370.0,1370.0,13.038949718764798,10.0,0.23,0.2533832095148407,14796.0
1851.5245694939665,1771.0263107197788,1380.0,1380.0,16.581002340204577,10.0,0.4,0.2546684489812452,14904.0
1875.2907385382093,1783.6589933646835,1390.0,1390.0,23.766169044242815,10.0,0.58,0.2587817037462452,15012.0
1899.0288706065899,1796.2916760095882,1400.0,1400.0,23.738132068380537,10.0,0.58,0.26278113709690587,15120.0
1922.9160683301807,1808.924358654493,1410.0,1410.0,23.887197723590816,10.0,0.58,0.26673864068945285,15228.0
1946.588020300721,1821.5570412993977,1420.0,1420.0,23.67195197054025,10.0,0.58,0.270518466157194,15336.0
1970.4039848534135,1834.1897239443024,1430.0,1430.0,23.81596455269255,10.0,0.58,0.2742605069823244,15444.0
1994.3639619882579,1846.8224065892073,1440.0,1440.0,23.959977134844394,10.0,0.58,0.27796530623296456,15552.0
2018.0960606874073,1859.455089234112,1450.0,1450.0,23.732098699149446,10.0,0.58,0.2815009791407347,15660.0
2042.0376610144885,1872.1530850272102,1460.0517017248271,1460.0,23.941600327081233,10.0,0.58,0.28502799654071076,15768.558378628131
2065.530381645783,1884.656134043804,1469.9490840687401,1470.0,23.49272063129456,10.0,0.57,0.28831825245820697,15875.450107942394
2090.6869389586905,1898.0411187932557,1480.5446045339443,1480.0,25.156557312907353,10.0,0.6,0.2920987216163873,15989.881728966599
2118.752298431183,1912.8953830172293,1492.303202957981,1490.0,28.065359472492673,10.0,0.64,0.29675582607119666,16116.874591946196
2146.811976385262,1927.7522763312927,1504.0638825631604,1500.0,28.05967795407878,10.0,0.64,0.3012895400249299,16243.889931682133
2174.5165497287244,1942.4758824053558,1515.7190523223735,1510.0,27.70457334346247,10.0,0.64,0.3055929201749169,16369.765765081635
2202.5707974169663,1957.3572699379101,1527.4991214896747,1520.0,28.054247688241958,10.0,0.64,0.3098973880978184,16496.990512088487
2230.5746804152595,1972.2130153768173,1539.25889243975,1530.0,28.003882998293193,10.0,0.64,0.31407820853367396,16623.9960383493
2258.5484350828674,1987.0654337832582,1551.0160297192426,1540.0,27.973754667607864,10.0,0.64,0.31814599468330973,16750.97312096782
2286.494227561474,2001.9204242876217,1562.7752030650206,1550.0,27.945792478606563,10.0,0.64,0.3221062465066604,16877.97219310222
2314.400961949381,2016.7721128890712,1574.5317626327064,1560.0,27.90673438790691,10.0,0.64,0.32595950312845523,17004.94303643323
2342.4739934527543,2031.6263632848893,1586.2903501104101,1570.0,28.073031503373386,10.0,0.64,0.32976844139998995,17131.93578119243
2370.18061513253,2046.3756814625933,1597.9658735065852,1580.0,27.706621679775708,10.0,0.64,0.3333842436505904,17258.03143387112
2398.1638076052477,2061.2292050385245,1609.7238856354834,1590.0,27.983192472717747,10.0,0.64,0.3369927994916111,17385.017964863222
2426.0931010547224,2076.0795032224773,1621.479344552155,1600.0,27.9292934494747,10.0,0.64,0.3405034349466405,17511.976921163274
2454.1764391231445,2090.929459114851,1633.234532511668,1610.0,28.08333806842211,10.0,0.64,0.343975330212666,17638.93295112602
2482.2065993206324,2105.7819469755505,1644.9917247709782,1620.0,28.03016019748793,10.0,0.64,0.34735499497020184,17765.910627526566
2510.172434377726,2120.6312353122185,1656.7463842950638,1630.0,27.9658350570935,10.0,0.64,0.3506421073934376,17892.86095038669
2538.076200757082,2135.4830563766427,1668.5030487201093,1640.0,27.903766379356057,10.0,0.64,0.3538412561325981,18019.83292617718
2566.1519508126703,2150.3572038686134,1680.2773866893847,1650.0,28.075750055588287,10.0,0.64,0.35701392590929926,18146.995776245356
2594.1293944015583,2165.208177919653,1692.0333806207523,1660.0,27.977443588888036,10.0,0.64,0.36009350344566515,18273.960510704124
2622.0279638917987,2180.056271902375,1703.7870946972403,1670.0,27.898569490240334,10.0,0.64,0.3630884185828679,18400.900622730198
2650.068808222809,2194.906621453448,1715.542594275996,1680.0,28.04084433101025,10.0,0.64,0.3660542423612366,18527.860018180756
2678.024856627968,2209.7541331725783,1727.29584743408,1690.0,27.95604840515898,10.0,0.64,0.36893793000438757,18654.795152288065
2705.8947030248405,2224.60136415389,1739.0488783608089,1700.0,27.869846396872617,10.0,0.64,0.37174206685773103,18781.727886296736
2733.9008925010203,2239.450837968924,1750.8036847091053,1710.0,28.00618947617977,10.0,0.64,0.3745201453893173,18908.679794858337
2761.811907880378,2254.2975251018515,1762.5562851268128,1720.0,27.91101537935765,10.0,0.64,0.3772204625079476,19035.607879369578
2789.8562893467415,2269.1464366381642,1774.3106463766792,1730.0,28.044381466363575,10.0,0.64,0.37989631006044766,19162.554980868135
2817.7995829008396,2283.992606208235,1786.0628370929232,1740.0,27.94329355409809,10.0,0.64,0.38249698346227556,19289.47864060357
2846.050220505887,2298.9849344368863,1797.9307266379033,1750.0,28.25063760504736,10.0,0.65,0.38511270005797515,19417.651847689354
2873.4524617577845,2313.5600812072585,1809.4683763834628,1760.0,27.40224125189752,10.0,0.64,0.3874962936565497,19542.2584649414
2901.5448579792837,2328.4082048379746,1821.2221139292287,1770.0,28.092396221499257,10.0,0.64,0.3899801657392872,19669.19883043567
2929.5237846481123,2343.253213156671,1832.9733854017877,1780.0,27.978926668828535,10.0,0.64,0.39239275732166723,19796.11256233931
2957.3882766288525,2358.0979373415316,1844.724431954713,1790.0,27.86449198074024,10.0,0.64,0.3947361658328228,19923.0238651109
2985.374910240055,2372.9453693325027,1856.4776220001859,1800.0,27.986633611202706,10.0,0.64,0.39706067077000373,20049.95831760201
3013.4762705115695,2387.7895685525336,1868.2282529922643,1810.0,28.101360271514295,10.0,0.64,0.3993647203428864,20176.865132316456
3041.6416669340742,2402.7813121712475,1880.095679761479,1820.0,28.165396422504728,10.0,0.64,0.40163898315449353,20305.033341423972
3069.489389958906,2417.6201797733447,1891.8420902581302,1830.0,27.847723024831794,10.0,0.64,0.4038095591806975,20431.894574787806
3097.4347998272274,2432.4471211761575,1903.5790600052433,1840.0,27.94540986832135,10.0,0.64,0.40596009278645073,20558.653848056627
3125.5109351365554,2447.2882794860006,1915.3272838204193,1850.0,28.076135309328038,10.0,0.64,0.408096788013224,20685.53466526053
3153.4383521393697,2462.117417172984,1927.0659921405913,1860.0,27.92741700281431,10.0,0.64,0.41016756949082245,20812.312715118387
3181.493561475542,2476.9607018987917,1938.815899221329,1870.0,28.055209336172084,10.0,0.64,0.4122258284944118,20939.211711590353
3209.393925946909,2491.791873142058,1950.5562172995703,1880.0,27.900364471367084,10.0,0.64,0.4142196314942945,21066.00714683536
3237.419153081688,2506.6371288305086,1962.3076845894084,1890.0,28.025227134779016,10.0,0.64,0.4162016099862267,21192.92299356561
3265.2028530913294,2521.4075902376962,1973.9999449131847,1900.0,27.783700009641507,10.0,0.64,0.4181066230797902,21319.199405062394
3293.203648136071,2536.266154333058,1985.7619471046628,1910.0,28.000795044741608,10.0,0.64,0.4200177091974867,21446.22902873036
3321.052989470025,2551.124447023111,1997.523734452377,1920.0,27.849341333953817,10.0,0.64,0.42187011167843447,21573.25633208567
3349.0030184569155,2565.9824709077784,2009.2853090144201,1930.0,27.95002898689063,10.0,0.64,0.42370908595782086,21700.28133735574
3376.9559239786167,2580.7650327336455,2020.987147999372,1940.0,27.95290552170127,10.0,0.64,0.4255181293448893,21826.66119839322
3404.8876882823142,2595.6533351857383,2032.7726909996925,1950.0,27.93176430369749,10.0,0.64,0.42729393742173016,21953.94506279668
3432.876950746339,2610.510456757388,2044.5335512930064,1960.0,27.989262464024705,10.0,0.64,0.4290503271745536,22080.962353964467
3460.9639338691213,2625.3673217074765,2056.2942084453343,1970.0,28.086983122782385,10.0,0.64,0.43079442606164065,22207.977451209612
3488.8846159867844,2640.2239325246105,2068.0546644266506,1980.0,27.92068211766309,10.0,0.64,0.4324834438509725,22334.990375807825
3516.8008022290537,2655.004936926984,2079.7552705590583,1990.0,27.916186242269305,10.0,0.64,0.4341448378796525,22461.35692203783
3544.9106971554165,2669.8610100703017,2091.5153009191254,2000.0,28.109894926362813,10.0,0.64,0.4358109413748328,22588.365249926555
3572.887198196414,2684.7473085150027,2103.299257552205,2010.0,27.97650104099739,10.0,0.64,0.4374297311949692,22715.631981563813
3600.9151652613273,2699.602826516689,2115.0588484635446,2020.0,28.027967064913355,10.0,0.64,0.439031468390673,22842.635563406282
3628.663146452798,2714.382641412903,2126.7585129858503,2030.0,27.7479811914709,10.0,0.64,0.44056529911981357,22968.991940247182
3656.5999952080615,2729.2376470648737,2138.5176983224364,2040.0,27.936848755263327,10.0,0.64,0.4421046874145381,23095.991141882314
3684.62566029534,2744.09241781509,2150.2766977113806,2050.0,28.025665087278412,10.0,0.64,0.44363417074080247,23222.988335282913
3712.740142682281,2758.9469559660215,2162.0355129753125,2060.0,28.11448238694129,10.0,0.64,0.4451537139686592,23349.983540133377
3740.6660632139333,2773.8012638023597,2173.7941459227886,2070.0,27.925920531652082,10.0,0.64,0.4466226067764404,23476.97677596612
3768.7182514452197,2788.685411635561,2185.5764001371813,2080.0,28.052188231286436,10.0,0.64,0.4480881827719665,23604.22512148156
3796.425055831027,2803.4571999992777,2197.2697108764282,2090.0,27.706804385807118,10.0,0.64,0.4494820785344107,23730.512877465426
3824.6837326305567,2818.3677535857037,2209.072867819059,2100.0,28.258676799529894,10.0,0.65,0.4509350314954125,23857.986972445837
3849.178092551203,2833.1543494563343,2220.7779001437607,2110.0,24.494359920646275,10.0,0.59,0.4518310143100682,23984.401321552614
3869.1232953507288,2847.9115210206937,2232.4596402611787,2120.0,19.94520279952576,10.0,0.5,0.4520722137807457,24110.564114820732
3889.24042218071,2862.7958967272707,2244.2420748595655,2130.0,20.117126829981316,10.0,0.5,0.4523351605969289,24237.81440848331
3909.347217611571,2877.6726283787407,2256.0184584430403,2140.0,20.106795430860984,10.0,0.5,0.45259400099300473,24364.999351184833
3929.437749412947,2892.5373268023227,2267.7853165534016,2150.0,20.090531801376073,10.0,0.5,0.4528479645180812,24492.08141877674
3949.502965621995,2907.383294579593,2279.5373475309693,2160.0,20.065216209047776,10.0,0.5,0.453095743945504,24619.00335333447
3969.6000760033517,2922.2528604008344,2291.3080586611495,2170.0,20.097110381356742,10.0,0.5,0.45334542523176136,24746.127033540415
3989.676864271077,2937.1073901795535,2303.066867297659,2180.0,20.076788267725533,10.0,0.5,0.45358985201057633,24873.12216681472
4009.6158843612475,2951.8599872452924,2314.7449862534054,2190.0,19.93902009017029,10.0,0.5,0.453813033467544,24999.24585153678
4029.7003845191157,2966.7202229417235,2326.508311680111,2200.0,20.084500157868206,10.0,0.5,0.4540536516365983,25126.2897661452
4049.8127385804546,2981.6010673447386,2338.2879509074264,2210.0,20.11235406133892,10.0,0.5,0.45429579094145833,25253.509869800208
4069.900987297809,2996.46407654696,2350.053471834382,2220.0,20.088248717354418,10.0,0.5,0.45453218640944826,25380.577495811325
4090.018869480445,3011.3490111282113,2361.836348836564,2230.0,20.117882182636095,10.0,0.5,0.4547702590134667,25507.832567434893
4109.962047587162,3026.1046846511895,2373.51690310817,2240.0,19.94317810671646,10.0,0.5,0.4549827954613693,25633.98255356824
4130.083096286628,3040.991962093157,2385.301634713038,2250.0,20.121048699465973,10.0,0.5,0.4552167595663331,25761.257654900808
4150.192521179013,3055.87063924577,2397.079558350353,2260.0,20.109424892385505,10.0,0.5,0.4554470117413817,25888.459230183817
4170.164331033522,3070.6474969912706,2408.776881999547,2270.0,19.971809854509047,10.0,0.5,0.45565689982456326,26014.79032559511
4190.282354121723,3085.5325358265436,2420.5598415289523,2280.0,20.11802308820097,10.0,0.5,0.4558838760732571,26142.046288512687
4210.268158135768,3100.3197476514315,2432.265361441504,2290.0,19.985804014045243,10.0,0.5,0.4560916312215755,26268.46590356824
4230.395140713863,3115.2114154857077,2444.0535684699475,2300.0,20.126982578094612,10.0,0.5,0.4563155450022989,26395.778539475432
4250.384367907574,3130.00116007249,2455.761093310483,2310.0,19.989227193711486,10.0,0.5,0.45651969327947783,26522.21980775322
4270.520210665359,3144.8993834275643,2467.5544896728015,2320.0,20.135842757784303,10.0,0.5,0.45674063111752206,26649.588488466256
4290.508727889202,3159.6886027177507,2479.2615986898645,2330.0,19.9885172238437,10.0,0.5,0.45694088976389513,26776.025265850538
4310.668382999362,3174.6044444932977,2491.0689417497833,2340.0,20.159655110159292,10.0,0.5,0.4571606999193628,26903.544570897662
4330.6612476054415,3189.3968803497005,2502.778596992622,2350.0,19.99286460607982,10.0,0.5,0.4573576643380768,27030.00884752032
4350.679698349845,3204.2082470255446,2514.5032378248034,2360.0,20.018450744403708,10.0,0.5,0.4575560602020834,27156.63496850788
4370.95623429196,3219.2105672644643,2526.379037020132,2370.0,20.276535942114606,10.0,0.51,0.45778452128092806,27284.893599817427
4390.916520067899,3233.9788985083155,2538.0696111119364,2380.0,19.960285775939155,10.0,0.5,0.45797199081649687,27411.151800008916
4410.929734684599,3248.7863910478254,2549.791185187481,2390.0,20.01321461669977,10.0,0.5,0.45816415132409727,27537.744800024793
4434.098512957389,3265.92864020642,2563.3609467658016,2400.0,23.168778272790405,10.0,0.57,0.4587400957894716,27684.29822507066
4457.7716481562165,3283.4440558733736,2577.226106019223,2410.0,23.673135198827367,10.0,0.58,0.45937118363164375,27834.04194500761
4481.357062552974,3300.894568167875,2591.0398879252693,2420.0,23.585414396757187,10.0,0.58,0.45998500007921705,27983.230789592908
4505.006878822037,3318.3927304907193,2604.891389474627,2430.0,23.649816269063194,10.0,0.58,0.46060017220838945,28132.82700632597
4528.784010541404,3335.9850917024805,2618.8174586289542,2440.0,23.77713171936739,10.0,0.58,0.46122402834844844,28283.228553192705
4552.606530417952,3353.6110349654855,2632.770111251091,2450.0,23.82251987654763,10.0,0.58,0.46184680557755153,28433.91720151178
4576.226003910687,3371.0867471001557,2646.6038412876155,2460.0,23.61947349273487,10.0,0.58,0.4624391365286592,28583.32148590625
4599.8686512737695,3388.5796052515384,2660.4511440681044,2470.0,23.642647363082688,10.0,0.58,0.46302818623747755,28732.872355935528
4623.691051320747,3406.205459854351,2674.4037265070547,2480.0,23.822400046977236,10.0,0.58,0.4636319771368804,28883.560246276193
4647.2494134151575,3423.6359565355274,2688.201664103632,2490.0,23.558362094410768,10.0,0.58,0.4641991423313018,29032.577972319228
4671.072574680316,3441.262374352834,2702.1546923817673,2500.0,23.823161265158888,10.0,0.58,0.46479106620684374,29183.270677723085
4694.692649350946,3458.738531290469,2715.988774523207,2510.0,23.620074670629947,10.0,0.58,0.4653537515658639,29332.67876485064
4718.337511574421,3476.2330281855197,2729.837374529087,2520.0,23.644862223474775,10.0,0.58,0.4659136331479432,29482.243644914142
4742.160486004103,3493.8593077659175,2743.790293379231,2530.0,23.82297442968229,10.0,0.58,0.4664878452013428,29632.935168495693
4765.920993195987,3511.4393687264987,2757.7066256854746,2540.0,23.760507191883335,10.0,0.58,0.4670494957847602,29783.231557403127
4789.541822626652,3528.9160841003372,2771.5411498836165,2550.0,23.620829430665253,10.0,0.58,0.46759001173807435,29932.64441874306
4813.162782762745,3546.392896181261,2785.3757506348456,2560.0,23.620960136093345,10.0,0.58,0.46812522243688814,30082.058106856337
4836.925409343583,3563.9745252475527,2799.2933242496492,2570.0,23.762626580837605,10.0,0.58,0.46867069470789813,30232.367901896214
4860.749425933327,3581.6015759073416,2813.246853484312,2580.0,23.824016589744133,10.0,0.58,0.469217604118213,30383.06601763057
4884.394995296641,3599.096596005091,2827.0958676561404,2590.0,23.64556936331428,10.0,0.58,0.46973985519189176,30532.635370686316
4908.016880464336,3616.574092503726,2840.9310101907186,2600.0,23.621885167694927,10.0,0.58,0.4702544836336141,30682.054910059764
4931.778739354375,3634.1551535665267,2854.8481341753786,2610.0,23.76185889003864,10.0,0.58,0.47077920563756004,30832.359849094086
4955.400991954113,3651.6329219228987,2868.683491911862,2620.0,23.622252599738204,10.0,0.58,0.47128395865440553,30981.781712648106
4979.225347397803,3669.260223295897,2882.637219610474,2630.0,23.824355443689456,10.0,0.58,0.47180535123437883,31132.481971793117
5002.787655503496,3686.693639574637,2896.4374683531837,2640.0,23.562308105693774,10.0,0.58,0.47229424872690984,31281.524658214385
5026.612871224142,3704.321577454306,2910.391699908885,2650.0,23.825215720645247,10.0,0.58,0.4728060425578815,31432.23035901596
5050.377752266786,3721.9048745647888,2924.3105939433003,2660.0,23.764881042644447,10.0,0.58,0.4733067505046157,31582.55441458764
5073.999512690846,3739.3822787673844,2938.1456634165647,2670.0,23.621760424060085,10.0,0.58,0.4737879385100512,31731.9731648989
5097.764854790621,3756.9659170074738,2952.0648274883238,2680.0,23.765342099774898,10.0,0.58,0.47427941460620493,31882.300136873895
5121.388870065783,3774.4449895422936,2965.9012176092056,2690.0,23.624015275161582,10.0,0.58,0.47475186907301903,32031.73315017942
5145.036551167434,3791.9415720851707,2979.7514686086906,2700.0,23.64768110165096,10.0,0.58,0.4752224328027185,32181.31586097386
5168.779250434051,3809.508457215404,2993.657370960571,2710.0,23.74269926661782,10.0,0.58,0.4756982258285758,32331.499606374167
5192.605785527089,3827.1373712799204,3007.612375261757,2720.0,23.82653509303782,10.0,0.58,0.47617824267814657,32482.213652826973
5216.143905772884,3844.5528913055164,3021.3984573752186,2730.0,23.538120245794744,10.0,0.58,0.4766248784542758,32631.103339652364
5257.331045357638,3869.0184846962043,3035.408454028614,2740.0,41.18713958475382,10.0,0.76,0.47882299973123243,32782.411303509034
5280.631771405231,3886.243067066761,3049.224248486581,2750.0,23.300726047593344,10.0,0.57,0.4792290013771079,32931.621883655076
5304.132567347586,3903.6155469910295,3063.1586712026374,2760.0,23.50079594235467,10.0,0.57,0.47965105701535005,33082.11364898849
5327.456523889257,3920.857302026418,3076.988239812135,2770.0,23.323956541671578,10.0,0.57,0.4800521149208713,33231.47298997106
5350.957593125862,3938.2299839778398,3090.9228245736654,2780.0,23.501069236604962,10.0,0.57,0.48046686219551715,33381.96650539559
5374.282187230237,3955.472210318339,3104.7527712158135,2790.0,23.324594104374228,10.0,0.57,0.4808608852308085,33531.329929130785
5397.783456841391,3972.845040392524,3118.687474786242,2800.0,23.501269611154385,10.0,0.57,0.4812685133878113,33681.82472769142
5421.10724214627,3990.0866688446363,3132.5169418636106,2810.0,23.323785304879493,10.0,0.57,0.4816556839774607,33831.182972127
5444.6086220217785,4007.459580429477,3146.4517108135324,2820.0,23.501379875508064,10.0,0.57,0.4820564709054407,33981.678476786146
5467.934483154582,4024.7027433946764,3160.2824087200115,2830.0,23.325861132803766,10.0,0.57,0.4824370594085444,34131.05001417612
5491.635800735148,4042.2234548147107,3174.335727548242,2840.0,23.701317580565956,10.0,0.58,0.48284991940470934,34282.82585752102
5514.880459072705,4059.4065902840894,3188.118277550392,2850.0,23.244658337556757,10.0,0.57,0.48321631658349773,34431.67739754424
5538.1842111171245,4076.633409560546,3201.93586622499,2860.0,23.303752044419525,10.0,0.57,0.4835852329933422,34580.907355229894
5561.906642260095,4094.1697287472243,3216.001704003827,2870.0,23.72243114297089,10.0,0.58,0.48398993366843424,34732.818403241334
5585.012714206164,4111.250417077799,3229.70208141206,2880.0,23.10607194606837,10.0,0.57,0.48433423521126984,34880.78247925025
5608.6357708158075,4128.713275685123,3243.708996643848,2890.0,23.623056609643754,10.0,0.58,0.484723201862271,35032.05716375356
5632.026698742475,4146.004537939083,3257.5782748695938,2900.0,23.390927926667246,10.0,0.57,0.48508769577986754,35181.84536859162
5655.362524965707,4163.255067392373,3271.4148814177543,2910.0,23.33582622323229,10.0,0.57,0.4854441704272564,35331.28071931175
5678.7522885402395,4180.545468922972,3285.2834692594433,2920.0,23.38976357453248,10.0,0.57,0.4858025143552668,35481.061468001986
5702.282809819002,4197.939922690649,3299.235517140363,2930.0,23.530521278762535,10.0,0.58,0.48617071443139537,35631.74358511592
5725.62134050621,4215.192451363294,3313.0737272573697,2940.0,23.33853068720782,10.0,0.57,0.486518580255312,35781.196254379596
5749.009347088469,4232.481554073501,3326.94127331847,2950.0,23.38800658225955,10.0,0.57,0.4868680845690101,35930.96575183948
5772.537968467577,4249.874603379444,3340.8921946841438,2960.0,23.52862137910779,10.0,0.57,0.48722728200316734,36081.635702588756
5795.924725907193,4267.16278268665,3354.759000086005,2970.0,23.386757439615394,10.0,0.57,0.4875710089416271,36231.397200928855
5819.310875235978,4284.450512460435,3368.6254449182334,2980.0,23.386149328784995,10.0,0.57,0.48791188510117434,36381.154805116916
5842.641824034652,4301.697436377962,3382.459159475172,2990.0,23.3309487986744,10.0,0.57,0.4882452150927611,36530.55892233185
5865.9771287542335,4318.947580320407,3396.2954568060477,3000.0,23.335304719581472,10.0,0.57,0.4885762422866643,36679.990933505316
5889.3615394847075,4336.234024871158,3410.1608707640935,3010.0,23.384410730473974,10.0,0.57,0.48890898538755134,36829.73740425221
5912.886272330035,4353.624199658502,3424.1094864855854,3020.0,23.52473284532789,10.0,0.57,0.48925110343747535,36980.382454044324
6198.523995601282,4370.909705541834,3437.9741475408414,3030.0,285.6377232712466,10.0,0.96,0.5111739504436863,37130.12079344109
6222.886499987919,4388.154322027746,3451.8060113126503,3040.0,24.36250438663683,10.0,0.59,0.5114806859711074,37279.504922176624
6247.305500512926,4405.438928418787,3465.669950887388,3050.0,24.419000525007505,10.0,0.59,0.5117895617727064,37429.23546958379
6271.87083794612,4422.8271170942835,3479.6169735535323,3060.0,24.565337433194145,10.0,0.59,0.5121073121561333,37579.86331437815
6296.237129784706,4440.074414468632,3493.4509876592538,3070.0,24.366291838585312,10.0,0.59,0.5124071727287267,37729.270666719945
6320.654237436753,4457.357681019248,3507.3138525513364,3080.0,24.41710765204698,10.0,0.59,0.5127086532501226,37878.98960755443
6345.217530348528,4474.744422512336,3521.259714436089,3090.0,24.563292911775534,10.0,0.59,0.5130190956402128,38029.60491590977
6369.633303792335,4492.026744664582,3535.1218218285994,3100.0,24.415773443806756,10.0,0.59,0.5133157593223974,38179.315675748876
6393.991203540382,4509.268101829314,3548.9510713070385,3110.0,24.357899748047203,10.0,0.59,0.5136058214658106,38328.67157011602
6418.609604608813,4526.693850766453,3562.9282209651446,3120.0,24.618401068431012,10.0,0.59,0.5139134485503871,38479.62478642356
6442.966178573119,4543.934269495964,3576.7567177270394,3130.0,24.356573964305426,10.0,0.59,0.5141988953534754,38628.972551452025
6467.328450973047,4561.178721773725,3590.5884497879,3140.0,24.36227239992877,10.0,0.59,0.5144826425998497,38778.35525770932
6491.94484970619,4578.603053389245,3604.56446261588,3150.0,24.616398733142887,10.0,0.59,0.5147833199449472,38929.29619625151
6516.455720117499,4595.95268843788,3618.4805615143023,3160.0,24.510870411309043,10.0,0.59,0.5150738376810954,39079.59006435447
6540.710642940236,4613.121155001724,3632.2513456239953,3170.0,24.254922822736262,10.0,0.59,0.5153432096296564,39228.31453273915
6565.267066600673,4630.50303420303,3646.193307476665,3180.0,24.55642366043776,10.0,0.59,0.5156327990925578,39378.88772074798
6589.6759929466025,4647.780509744473,3660.0515274147674,3190.0,24.408926345929103,10.0,0.59,0.5159094316624975,39528.55649607949
6614.033852035354,4665.021838129162,3673.880753808805,3200.0,24.357859088751866,10.0,0.59,0.5161802917856182,39677.9121411351
6638.587064903276,4682.401444621362,3687.820892727183,3210.0,24.553212867921502,10.0,0.59,0.516463367882352,39828.46564145358
6662.992968335379,4699.676780440683,3701.67739639952,3220.0,24.405903432103514,10.0,0.59,0.5167336961032377,39978.11588111482
6687.543957009832,4717.0548125724345,3715.616272527318,3230.0,24.550988674453038,10.0,0.59,0.5170125235811532,40128.655743295036
6711.947756405725,4734.328659082736,3729.4715816286143,3240.0,24.403799395892747,10.0,0.59,0.5172787393466101,40278.293081589036
6736.2942933162085,4751.561973241179,3743.294379831816,3250.0,24.346536910483337,10.0,0.59,0.5175388722641856,40427.579302183614
6760.842742788655,4768.93820803863,3757.231814322265,3260.0,24.54844947244692,10.0,0.59,0.5178116101793815,40578.10359468046
6785.350069201841,4786.285334523798,3771.1459011082025,3270.0,24.507326413185183,10.0,0.59,0.5180793916304981,40728.37573196859
6809.7049128648,4803.52452848665,3784.9734154878206,3280.0,24.354843662958956,10.0,0.59,0.5183344946660685,40877.71288726846
6834.213822009477,4820.872775283471,3798.8884008729337,3290.0,24.50890914467709,10.0,0.59,0.51859862743543,41027.994729427686
6858.513815980216,4838.073144752269,3812.6847742229334,3300.0,24.299993970739706,10.0,0.59,0.5188462107097835,41176.995561607684
6883.024299139119,4855.422505690364,3826.600653257977,3310.0,24.51048315890239,10.0,0.59,0.5191067182099032,41327.28705518615
6907.5844510406005,4872.807023868598,3840.544731827443,3320.0,24.56015190148173,10.0,0.59,0.5193688560283884,41477.883103736385
6932.040121002332,4890.1175861450865,3854.4294905530087,3330.0,24.455669961731473,10.0,0.59,0.5196219294753059,41627.8384979725
6956.350483149045,4907.325294564573,3868.2317504570074,3340.0,24.310362146713487,10.0,0.59,0.5198631466214323,41776.90290493568
6980.912907582533,4924.711421318931,3882.177119261361,3350.0,24.56242443348765,10.0,0.59,0.5201200759843304,41927.5128880227
7005.224782769202,4941.92020072001,3895.9802381970185,3360.0,24.311875186668658,10.0,0.59,0.5203580184790639,42076.5865725278
7029.732185247665,4959.267381046791,3909.894368169179,3370.0,24.50740247846352,10.0,0.59,0.5206076134908131,42226.85917622714
7054.247981391092,4976.620502697622,3923.813263662506,3380.0,24.515796143426996,10.0,0.59,0.5208560855813404,42377.18324755507
7078.554262333081,4993.825322300378,3937.613206453827,3390.0,24.306280941988916,10.0,0.59,0.5210886291183199,42526.22262970133
7103.071539885138,5011.179492543063,3951.5329430200595,3400.0,24.51727755205684,10.0,0.59,0.5213338679377035,42676.55578461664
7127.589547876509,5028.534179815757,3965.453094294769,3410.0,24.518007991370723,10.0,0.59,0.521577419576603,42826.89341838351
7151.897851807856,5045.740431359789,3979.2541856426083,3420.0,24.308303931346927,10.0,0.59,0.5218052606454958,42975.945204940166
7176.417309921899,5063.096145079064,3993.1751602275544,3430.0,24.51945811404312,10.0,0.59,0.5220456113405896,43126.29173045759
7200.929536535392,5080.446740094136,4007.092029112656,3440.0,24.512226613493112,10.0,0.59,0.522283927214957,43276.593914416684
7225.247777736324,5097.66002557853,4020.898762366475,3450.0,24.31824120093188,10.0,0.59,0.5225077395267262,43425.70663355793
7249.761334984937,5115.011562462794,4034.816386722501,3460.0,24.513557248613324,10.0,0.59,0.5227428876620899,43576.016976603016
7274.283600205566,5132.369263148423,4048.738955048192,3470.0,24.52226522062847,10.0,0.59,0.5229771067503001,43726.38071452047
7298.603908729117,5149.5840119546965,4062.546862028832,3480.0,24.32030852355183,10.0,0.59,0.5231964907261717,43875.50610991139
7323.119447245773,5166.936951248459,4076.4656112540106,3490.0,24.515538516655397,10.0,0.59,0.5234271080396208,44025.82860154332
7347.643774805772,5184.296111728653,4090.389350477273,3500.0,24.52432755999962,10.0,0.59,0.5236568347622721,44176.20498515455
7371.957904412631,5201.5064868856925,4104.1937493647965,3510.0,24.31412960685884,10.0,0.59,0.5238714056699726,44325.2924931398
7396.42684226629,5218.82644063131,4118.086040964272,3520.0,24.468937853658645,10.0,0.59,0.5240945391605973,44475.32924241414
7421.001676533932,5236.221351492067,4132.038455478409,3530.0,24.574834267642473,10.0,0.59,0.5243229957356164,44626.015319166814
7445.471974065431,5253.54226766431,4145.931519037874,3540.0,24.470297531498545,10.0,0.59,0.5245432391660327,44776.060405609045
7469.788526166505,5270.754357545871,4159.7372933016495,3550.0,24.316552101074194,10.0,0.59,0.5247523055872128,44925.16276765782
7494.316876870154,5288.116365745175,4173.663316673291,3560.0,24.528350703649267,10.0,0.59,0.5249733898365923,45075.56382007155
7518.643068155441,5305.335278572044,4187.474563604441,3570.0,24.326191285286768,10.0,0.59,0.5251802752172168,45224.72528692796
7543.164276800269,5322.69223137707,4201.39653205697,3580.0,24.52120864482822,10.0,0.59,0.5253980955471735,45375.08254621527
7567.637737779155,5340.015386745912,4215.291391670429,3590.0,24.47346097888567,10.0,0.59,0.5256115580581417,45525.147030040636
7592.014141669935,5357.269841777751,4229.13114691533,3600.0,24.37640389078024,10.0,0.59,0.5258175235187923,45674.616386685564
7616.488848341128,5374.593878890348,4243.026713773251,3610.0,24.474706671192507,10.0,0.59,0.5260283314267242,45824.688508751104
7641.012462984953,5391.952534744014,4256.950048236837,3620.0,24.523614643825567,10.0,0.59,0.5262407649667348,45975.060520957835
7665.342377177974,5409.174082772711,4270.763408856784,3630.0,24.329914193021068,10.0,0.59,0.5264399161837789,46124.24481565327
7689.818920766176,5426.499420118192,4284.660018628251,3640.0,24.47654358820182,10.0,0.59,0.5266468560573403,46274.32820118511
7714.344319576805,5443.859338866336,4298.5843660563405,3650.0,24.525398810628758,10.0,0.59,0.5268554267219611,46424.711153408476
7738.676046063278,5461.082169698518,4312.398755609756,3660.0,24.33172648647269,10.0,0.59,0.5270508805382212,46573.90656058537
7763.202595606383,5478.442902974591,4326.323756368662,3670.0,24.52654954310492,10.0,0.59,0.5272569840051845,46724.296568781545
7787.681544126991,5495.769942613742,4340.221731545626,3680.0,24.478948520608355,10.0,0.59,0.5274588767235231,46874.39470069277
7812.209232581776,5513.131482050579,4354.1473789240645,3690.0,24.527688454784766,10.0,0.59,0.5276624063693125,47024.7916923799
7836.543322936013,5530.355986109469,4367.96311056844,3700.0,24.33409035423756,10.0,0.59,0.5278530341759115,47174.001594139154
7861.024038270716,5547.684276360256,4381.862088857871,3710.0,24.480715334702836,10.0,0.59,0.5280513073105997,47324.11055966501
7885.553424760905,5565.047017724812,4395.788700299527,3720.0,24.5293864901887,10.0,0.59,0.5282512209352977,47474.51796323489
7909.889250709296,5582.272750296792,4409.605417331181,3730.0,24.335825948391175,10.0,0.59,0.5284383889584292,47623.73850717676
7934.419728675744,5599.6362642456925,4423.5326484608095,3740.0,24.530477966448416,10.0,0.59,0.528635993557185,47774.152603376744
7958.902750362427,5616.966187011542,4437.43293618649,3750.0,24.48302168668215,10.0,0.59,0.5288295384426723,47924.275710814094
7983.231247559048,5634.1867320415695,4451.245492303713,3760.0,24.328497196621356,10.0,0.59,0.5290127518544809,48073.4513168801
8007.77239331361,5651.557797016911,4465.178780092771,3770.0,24.54114575456242,10.0,0.59,0.5292073750351534,48223.93082500194
8032.053993782968,5668.745146934347,4478.964710493172,3780.0,24.281600469357727,10.0,0.59,0.5293856341105276,48372.81887332626
8056.587199072399,5686.110591376029,4492.893490066234,3790.0,24.533205289430953,10.0,0.59,0.5295774749282792,48523.249692715326
8081.072995409217,5703.442478134444,4506.795353105443,3800.0,24.485796336817657,10.0,0.59,0.5297654160530415,48673.38981353878
8105.404084230983,5720.664857605668,4520.609380623362,3810.0,24.33108882176657,10.0,0.59,0.5299432329344719,48822.58131073231
8129.948055392177,5738.037922500762,4534.544272543055,3820.0,24.54397116119344,10.0,0.59,0.530132296049126,48973.07814346499
8154.426262386032,5755.364437261836,4548.441826716626,3830.0,24.478206993855565,10.0,0.59,0.5303164195738609,49123.17172853956
8178.768135020361,5772.594449885586,4562.261976767104,3840.0,24.341872634328865,10.0,0.59,0.5304916339478024,49272.42934908473
8203.256629225705,5789.928246287908,4576.165371526915,3850.0,24.488494205344068,10.0,0.59,0.5306742187889517,49422.58601249068
8227.793471905094,5807.296265399002,4590.0962162358755,3860.0,24.536842679388428,10.0,0.59,0.5308583966563087,49573.039135347455
8252.243897409127,5824.603115468394,4603.97799740941,3870.0,24.450425504033774,10.0,0.59,0.5310366489405791,49722.96237202163
8276.691180654261,5841.907741339124,4617.857994558758,3880.0,24.447283245133804,10.0,0.59,0.531213621482305,49872.866341234585
8301.137275731566,5859.211526183899,4631.73731712329,3890.0,24.446095077304562,10.0,0.59,0.5313894951980676,50022.76302493153
8325.582190249916,5876.514475388541,4645.61596942296,3900.0,24.444914518349833,10.0,0.59,0.5315642798305271,50172.65246976796
8350.025931763033,5893.816594299834,4659.493955746411,3910.0,24.443741513117857,10.0,0.59,0.5317379850074718,50322.534722061246
8374.468507769814,5911.117888225753,4673.371280351155,3920.0,24.442576006780655,10.0,0.59,0.5319106202435043,50472.40982779248
8398.909925714626,5928.4183624356765,4687.24794746375,3930.0,24.4414179448122,10.0,0.59,0.5320821392299715,50622.2778326085
8423.35019298763,5945.718022160614,4701.123961279973,3940.0,24.440267273002974,10.0,0.59,0.5322526073355613,50772.138781823705
8447.789316925084,5963.016872593423,4714.999325965003,3950.0,24.439123937454497,10.0,0.59,0.5324220337416099,50921.99272042203
8472.22730480968,5980.314918889039,4728.874045653602,3960.0,24.437987884595714,10.0,0.59,0.5325904275227753,51071.8396930589
8496.664163870846,5997.612166164703,4742.748124450292,3970.0,24.436859061166615,10.0,0.59,0.5327577976485831,51221.679744063156
8521.12460403897,6014.926104956943,4756.635591470702,3980.0,24.460440168124478,10.0,0.59,0.5329255233317197,51371.66438788358
8545.559290653371,6032.221814500249,4770.508436856113,3990.0,24.43468661440056,10.0,0.59,0.5330908136027146,51521.49111804602
8569.992869204398,6049.5167397182795,4784.380653136182,4000.0,24.433578551026585,10.0,0.59,0.5332551613519405,51671.31105387077
8594.425346718861,6066.810885584856,4798.252244300399,4010.0,24.432477514463244,10.0,0.59,0.5334184660404855,51821.12423844432
8618.856730171861,6084.10425703719,4812.123214308887,4020.0,24.431383453000308,10.0,0.59,0.5335808448846524,51970.930714535985
8643.435150388017,6101.50170615534,4826.077664752933,4030.0,24.57842021615579,10.0,0.59,0.5337501814961296,52121.638779331675
8778.002643116835,6118.793538480832,4839.947400231629,4040.0,134.56749272881825,10.0,0.93,0.5397586444206046,52271.43192250159
8802.742017814693,6136.084610846468,4853.816526148425,4050.0,24.739374697857784,10.0,0.6,0.5399160852379861,52421.21848240299
8827.480312053896,6153.374928047959,4867.685046349948,4060.0,24.738294239203242,10.0,0.6,0.5400725914983664,52570.99850057944
8852.217532645209,6170.664494845542,4881.552964654373,4070.0,24.737220591312507,10.0,0.6,0.5402282230283981,52720.77201826723
8877.10367493341,6188.058147371615,4895.504369861404,4080.0,24.88614228820188,10.0,0.6,0.5403906499236688,52871.44719450316
8901.714529200013,6205.259393049856,4909.301446016807,4090.0,24.610854266602473,10.0,0.59,0.5405379749857191,53020.45561698152
8926.448627167822,6222.546777354568,4923.167613749156,4100.0,24.73409796780834,10.0,0.6,0.5406908166954183,53170.21022849088
8951.331664493577,6239.938259731594,4937.117278285063,4110.0,24.88303732575514,10.0,0.6,0.5408504566694655,53320.86660547868
8976.063665405303,6257.2241783424915,4950.982270388066,4120.0,24.732000911726573,10.0,0.6,0.5410014901854532,53470.60852019111
9000.794631782923,6274.509373887251,4964.846682521529,4130.0,24.730966377619552,10.0,0.6,0.5411516427160046,53620.344171232515
9025.524570100813,6291.793850891005,4978.710518315047,4140.0,24.72993831789063,10.0,0.6,0.5413009215530398,53770.07359780251
9050.403452238643,6309.18242908569,4992.657853413559,4150.0,24.87888213782935,10.0,0.6,0.5414568831907265,53920.70481686643
9075.131344225016,6326.465475848511,5006.520542014401,4160.0,24.727891986372924,10.0,0.6,0.5416044132035118,54070.421853755535
9099.85822712833,6343.747817333677,5020.382664913799,4170.0,24.726882903314618,10.0,0.6,0.5417510910609814,54220.132781069035
9124.584107235478,6361.029457935278,5034.244225636241,4180.0,24.725880107147532,10.0,0.6,0.5418969237392084,54369.8376368714
9149.458931885723,6378.4152002332485,5048.189286069088,4190.0,24.8748246502455,10.0,0.6,0.5420494260917503,54520.44428954615
9174.182814963384,6395.695445052548,5062.049727238036,4200.0,24.723883077660503,10.0,0.6,0.5421935664461893,54670.137054170795
9198.932222094463,6412.993529379115,5075.924477431165,4210.0,24.74940713107935,10.0,0.6,0.5423381757795362,54819.98435625658
9223.654194103223,6430.2724384964795,5089.783847236929,4220.0,24.72197200875962,10.0,0.6,0.5424806698082993,54969.66555015884
9248.375193438926,6447.550667784203,5103.642671753039,4230.0,24.7209993357028,10.0,0.6,0.5426223525754524,55119.34085493282
9273.095226120658,6464.8282214492,5117.500954353849,4240.0,24.720032681732846,10.0,0.6,0.5427632306150212,55269.01030702157
9297.96421272635,6482.209883367126,5131.442741924064,4250.0,24.868986605692044,10.0,0.6,0.5429106845326568,55419.58161277989
9322.682318916317,6499.4860905506985,5145.299944515489,4260.0,24.71810618996642,10.0,0.6,0.5430499506472495,55569.239400767285
9347.399476111217,6516.761634453868,5159.156615091361,4270.0,24.71715719490021,10.0,0.6,0.5431884313486564,55718.89144298671
9372.265585117459,6534.141285133397,5173.0967894522855,4280.0,24.86610900624146,10.0,0.6,0.543333490534733,55869.445326084686
9396.980850318498,6551.415506666735,5186.952399358622,4290.0,24.715265201039074,10.0,0.6,0.5434703975670484,56019.08591307311
9421.695183803637,6568.689076996587,5200.80748693627,4300.0,24.714333485138923,10.0,0.6,0.5436065378894137,56168.720858911714
9446.558465203922,6586.066751379631,5214.746076114723,4310.0,24.863281400284905,10.0,0.6,0.5437491623933289,56319.25762203901
9471.298086200473,6603.357995890627,5228.615340108881,4320.0,24.73962099655182,10.0,0.6,0.5438851147963035,56469.04567317592
9496.009693015789,6620.62966047121,5242.468899089807,4330.0,24.711606815315463,10.0,0.6,0.5440190143017962,56618.66411016991
9520.720390195638,6637.900689280968,5256.3219481205415,4340.0,24.710697179849376,10.0,0.6,0.5441521229486845,56768.27703970185
9545.580044206326,6655.2758283753565,5270.258503750303,4350.0,24.859654010688246,10.0,0.6,0.5442917035947528,56918.791840503276
9570.288926287714,6672.545588559726,5284.110535219785,4360.0,24.708882081387856,10.0,0.6,0.5444233711228574,57068.39378037368
9594.99691516878,6689.814724460273,5297.962065952774,4370.0,24.70798888106583,10.0,0.6,0.5445543130446002,57217.990312289956
9619.853853011067,6707.187965145145,5311.897098873009,4380.0,24.856937842287152,10.0,0.6,0.5446916346131656,57368.4886678285
9644.560058945975,6724.455854892488,5325.747630069627,4390.0,24.706205934908212,10.0,0.6,0.5448211219589074,57518.07440475198
9669.415212175385,6741.827848259237,5339.681662519113,4400.0,24.855153229409552,10.0,0.6,0.5449569596506096,57668.56195520642
9694.119656140221,6759.094506514175,5353.531205938753,4410.0,24.704443964836173,10.0,0.6,0.5450850618725578,57818.13702413854
9718.823233481919,6776.360559060861,5367.38026352132,4420.0,24.703577341697383,10.0,0.6,0.545212419240478,57967.706846030254
9743.553675758478,6793.645388296064,5381.244381838802,4430.0,24.730442276559188,10.0,0.6,0.5453404373804467,58117.439323859064
9768.405383336984,6811.014973396645,5395.176482624015,4440.0,24.85170757850574,10.0,0.6,0.5454733909988376,58267.906012339365
9793.106419956353,6828.279250158205,5409.024115853771,4450.0,24.701036619369916,10.0,0.6,0.5455987099496319,58417.46045122072
9817.956402299304,6845.647629441209,5422.955249455719,4460.0,24.84998234295017,10.0,0.6,0.5457302925374692,58567.91669412177
9842.655737568715,6862.910717079535,5436.801928892703,4470.0,24.699335269411677,10.0,0.6,0.5458542897364289,58717.460832041186
9867.504014143997,6880.277904151637,5450.732106225268,4480.0,24.84827657528149,10.0,0.6,0.5459844759120442,58867.9067472329
9892.201667903082,6897.539816533228,5464.577842991761,4490.0,24.69765375908537,10.0,0.6,0.5461071255924617,59017.44070431101
9916.898495283176,6914.801151334379,5478.423116482427,4500.0,24.696827380093964,10.0,0.6,0.5462290728411243,59166.96965801021
10412.222145669477,7260.997334052865,5756.106209150467,4700.0,495.32365038630087,200.0,0.6,0.5486073961926666,62165.94705882505
10907.4009255533,7607.092262541098,6033.708086053558,4900.0,495.17877988382315,200.0,0.6,0.5507637428934721,65164.04732937843
11402.583409302808,7953.189779769359,6311.312039378554,5100.0,495.1824837495078,200.0,0.6,0.5527329202514903,68162.17002528839
11897.79247315841,8299.305874610982,6588.930893760782,5300.0,495.2090638556019,200.0,0.6,0.5545391951716756,71160.45365261644
12393.040636959035,8645.449297547482,6866.571667939592,5500.0,495.24816380062475,200.0,0.6,0.5562025494791795,74158.97401374759
12888.249707449551,8991.565397026441,7144.190526041415,5700.0,495.20907049051675,200.0,0.6,0.5577366981552965,77157.2576812473
13407.448960293605,9354.448936434905,7435.258505792096,5900.0,519.1992528440533,200.0,0.61,0.5599461165207491,80300.79186255464
13984.91573105561,9758.057347881972,7758.99180359276,6100.0,577.4667707620047,200.0,0.65,0.5638157569198128,83797.1114788018
14562.173740668148,10161.519850057415,8082.608067931427,6300.0,577.2580096125384,200.0,0.65,0.5673722893298762,87292.16713365943
15139.753341185085,10565.207121519392,8406.4046191529,6500.0,577.5796005169377,200.0,0.65,0.5706667077065259,90789.16988685132
15717.076471389766,10968.715138380838,8730.057390707425,6700.0,577.3231302046806,200.0,0.65,0.5737120568736831,94284.6198196402
16294.496775639713,11372.291073023927,9053.76463894481,6900.0,577.4203042499466,200.0,0.65,0.5765441547535957,97780.65810060393
16871.852258089035,11775.821701815144,9377.435547471672,7100.0,577.3554824493222,200.0,0.65,0.5791807562086249,101276.30391269406
17449.17016504232,12179.32606799346,9701.085390822383,7300.0,577.3179069532853,200.0,0.65,0.5816419921406004,104771.72222088174
18026.444624767755,12582.800067633812,10024.710877248912,7500.0,577.274459725435,200.0,0.65,0.5839445880760183,108266.87747428825
18603.766594134948,12986.307273151995,10348.362998027033,7700.0,577.3219693671927,200.0,0.65,0.5861053301731849,111762.32037869195
19181.13891030587,13389.84966752346,10672.043343696398,7900.0,577.3723161709204,200.0,0.65,0.5881370756971209,115258.0681119211
19758.559742196834,13793.425970950288,10995.750887734299,8100.0,577.4208318909659,200.0,0.65,0.5900510968410654,118754.10958753043
20336.082980821826,14197.073849437938,11319.515841949546,8300.0,577.5232386249918,200.0,0.65,0.5918584714667028,122250.77109305511
20947.756962351043,14624.590680722864,11662.426023531107,8500.0,611.6739815292167,200.0,0.67,0.5942286326884545,125954.20105413595
21567.842724405993,15057.986751381079,12010.051928315885,8700.0,620.0857620549505,200.0,0.68,0.5966216927673296,129708.56082581155
22186.304352435072,15491.296120636676,12357.548374957596,8900.0,618.4616280290793,200.0,0.68,0.5988516158437205,133461.52244954204
22789.386939343414,15925.712286850743,12705.255074395336,9100.0,603.0825869083419,200.0,0.67,0.6006913217981686,137216.75480346964
23392.71043368568,16360.301984992493,13053.100668787993,9300.0,603.3234943422649,200.0,0.67,0.6024402474104111,140973.48722291033
23995.81539450105,16794.734267717176,13400.820267880828,9500.0,603.1049608153699,200.0,0.67,0.6040976311911056,144728.85889311295
24598.946619399154,17229.185469147822,13748.555009505917,9700.0,603.1312248981048,200.0,0.67,0.6056741778418402,148484.3941026639
25201.987991346003,17663.57194714679,14096.23794649629,9900.0,603.0413719468488,200.0,0.67,0.6071738467616126,152239.36982215996
25805.11462690758,18098.019842758258,14443.97004214371,10100.0,603.1266355615771,200.0,0.67,0.6086047281711398,155994.8764551521
26408.25287737473,18532.4761048901,14791.708834354034,10300.0,603.1382504671492,200.0,0.67,0.6099704134158364,159750.45541102358
27011.356234108072,18966.90723215253,15139.427508614885,10500.0,603.1033567333434,200.0,0.67,0.6112746061323244,163505.81709304077
27630.448342232132,19412.85547536638,15496.364482483252,10700.0,619.0921081240595,200.0,0.68,0.6127460546423279,167360.7364108191
28280.542758027368,19881.13549193045,15871.175807741132,10900.0,650.0944157952363,200.0,0.69,0.6145760001850036,171408.69872360423
28930.574931102223,20349.370673434532,16245.951247017001,11100.0,650.0321730748547,200.0,0.69,0.6163228694901501,175456.2734677836
29580.37807230829,20817.440877291207,16620.59463818388,11300.0,649.8031412060664,200.0,0.69,0.6179900067538014,179502.4220923859
30230.529447519486,21285.76192321286,16995.438803339573,11500.0,650.1513752111969,200.0,0.69,0.6195898523641449,183550.7390760674
30880.34255111572,21753.839303239823,17370.087938313154,11700.0,649.8131035962324,200.0,0.69,0.6211181980718284,187596.94973378206
31530.457894711704,22222.134394646324,17744.91132947492,11900.0,650.1153435959859,200.0,0.69,0.6225871504942935,191645.0423583291
32180.316866839486,22690.244814976653,18119.586909907313,12100.0,649.8589721277822,200.0,0.69,0.6239937599123091,195691.53862699898
32830.256880932786,23158.4136119551,18494.309215008863,12300.0,649.9400140932994,200.0,0.69,0.6253456072549173,199738.53952209573
33480.46730652319,23626.77719340987,18869.18742560526,12500.0,650.2104255904051,200.0,0.69,0.6266479795517786,203787.22419653682
34130.42485920359,24094.95862389148,19243.91984256274,12700.0,649.9575526803965,200.0,0.69,0.62789798251853,207834.3342996776
34780.18974207387,24563.00126926791,19618.541175922033,12900.0,649.7648828702804,200.0,0.69,0.6290992084862101,211880.24469995798
35430.195675012066,25031.217549315017,19993.30148647174,13100.0,650.0059329381984,200.0,0.69,0.6302588899028388,215927.6560538948
36080.37126826296,25499.556040124302,20368.15961451549,13300.0,650.1755932508968,200.0,0.69,0.6313785132641789,219976.1238367673
36730.2379362168,25967.672003959487,20742.839631969175,13500.0,649.8666679538364,200.0,0.69,0.6324554172504953,224022.66802526708
37380.19627378411,26435.853999815674,21117.572501452465,13700.0,649.9583375673101,200.0,0.69,0.633495768722026,228069.78301568664
38058.22231953362,26924.253900230233,21508.487781744276,13900.0,678.0260457495096,200.0,0.71,0.6347701161657,232291.6680428382
38748.326744037484,27421.354172876465,21906.366839970324,14100.0,690.1044245038647,200.0,0.71,0.6361133217441878,236588.76187167954
39438.73656392296,27918.67442980635,22304.421973617,14300.0,690.4098198854772,200.0,0.71,0.6374123238277128,240887.75731506362
40128.89973174514,28415.817016801713,22702.33490024809,14500.0,690.163167822182,200.0,0.71,0.6386644039582445,245185.21692267936
40819.144181877295,28913.01815357159,23100.2946901187,14700.0,690.2444501321515,200.0,0.71,0.6398748587182523,249483.18265328195
41509.21097529858,29410.091319564475,23498.152052179405,14900.0,690.0667934212834,200.0,0.71,0.6410435264597056,253780.04216353758
