,coût total employeur,salaire brut,rémunération avant impôt,rémunération après impôt,cout marginal employeur,net apres impots marginal,tx prelevement marginal,revenu net imposable,tx prelevement total
2,100.76325455802981,78.24683630254012,40,40,13.038949718764911,10.0,0.2330670632460089,432.0,0.6030298924399677
3,113.8022042767947,90.87951894744488,49.99999999999999,50,13.038949718764883,10.0,0.23306706324600723,539.9999999999999,0.5606411991951596
4,126.84115399555961,103.51220159234964,59.99999999999999,60,13.038949718764911,10.0,0.2330670632460089,647.9999999999999,0.526967406792117
5,139.88010371432452,116.14488423725442,70,70,13.038949718764911,10.0,0.2330670632460089,756.0,0.49957143195318066
6,152.91905343308943,128.7775668821592,80,80,13.038949718764911,10.0,0.2330670632460089,864.0,0.4768474025703773
7,165.95800315185434,141.41024952706394,90,90,13.038949718764911,10.0,0.2330670632460089,972.0,0.4576941256779976
8,178.99695287061922,154.04293217196872,100,100,13.038949718764883,10.0,0.23306706324600723,1080.0,0.4413312718665049
9,192.03590258938414,166.6756148168735,110.00000000000001,110,13.038949718764911,10.0,0.2330670632460089,1188.0000000000002,0.4271904445118021
10,205.07485230814902,179.30829746177824,120,120,13.038949718764883,10.0,0.23306706324600723,1296.0,0.41484780484110295
11,218.11380202691396,191.940980106683,130,130,13.03894971876494,10.0,0.23306706324601056,1404.0,0.4039808632378121
12,231.1527517456788,204.57366275158776,140,140,13.038949718764854,10.0,0.23306706324600557,1512.0,0.39433989453851626
13,244.19170146444372,217.20634539649254,150,150,13.038949718764911,10.0,0.2330670632460089,1620.0,0.3857285112457386
14,257.23065118320864,229.83902804139728,160,160,13.038949718764911,10.0,0.2330670632460089,1728.0,0.3779901451711428
15,270.26960090197355,242.47171068630206,170,170,13.038949718764911,10.0,0.2330670632460089,1836.0,0.37099844217530487
16,283.30855062073846,255.10439333120684,180,180,13.038949718764911,10.0,0.2330670632460089,1944.0,0.364650309333714
17,296.34750033950337,267.7370759761116,190,190,13.038949718764911,10.0,0.2330670632460089,2052.0,0.3588607976030468
18,309.3864500582682,280.36975862101633,199.99999999999997,200,13.038949718764854,10.0,0.23306706324600557,2159.9999999999995,0.3535592784935053
19,322.42539977703314,293.0024412659211,210,210,13.038949718764911,10.0,0.2330670632460089,2268.0,0.3486865484381152
20,335.46434949579805,305.6351239108259,220,220,13.038949718764911,10.0,0.2330670632460089,2376.0,0.3441926084525543
21,348.50329921456296,318.26780655573066,230,230,13.038949718764911,10.0,0.2330670632460089,2484.0,0.34003494222763164
22,361.54224893332787,330.90048920063543,240,240,13.038949718764911,10.0,0.2330670632460089,2592.0,0.3361771668232929
23,374.5811986520928,343.5331718455402,250,250,13.038949718764911,10.0,0.2330670632460089,2700.0,0.3325879651738809
24,387.6201483708577,356.165854490445,260,260,13.038949718764911,10.0,0.2330670632460089,2808.0,0.3292402340467514
25,400.65909808962255,368.7985371353497,270,270,13.038949718764854,10.0,0.23306706324600557,2916.0,0.3261103983726228
26,413.69804780838746,381.4312197802545,280,280,13.038949718764911,10.0,0.2330670632460089,3024.0,0.32317785524168674
27,426.7369975271523,394.0639024251592,290,290,13.038949718764854,10.0,0.23306706324600557,3132.0,0.32042451983191833
28,439.7759472459172,406.696585070064,300,300,13.038949718764911,10.0,0.2330670632460089,3240.0,0.3178344521142178
29,452.81489696468213,419.32926771496875,310,310,13.038949718764911,10.0,0.2330670632460089,3348.0,0.31539354805242015
30,465.85384668344716,431.9619503598736,320.00000000000006,320,13.038949718765025,10.0,0.23306706324601556,3456.000000000001,0.31308928266198577
31,478.89279640221196,444.5946330047783,330,330,13.038949718764798,10.0,0.23306706324600224,3564.0,0.3109104950435714
32,491.93174612097687,457.2273156496831,340,340,13.038949718764911,10.0,0.2330670632460089,3672.0,0.3088472076034985
33,504.9706958397418,469.85999829458785,350,350,13.038949718764911,10.0,0.2330670632460089,3780.0,0.30689047328188623
34,518.0096455585067,482.4926809394926,360,360,13.038949718764911,10.0,0.2330670632460089,3888.0,0.3050322458535384
35,531.0485952772716,495.12536358439735,370,370,13.038949718764911,10.0,0.2330670632460089,3996.0,0.30326526933601017
36,544.0875449960365,507.7580462293021,380,380,13.038949718764911,10.0,0.2330670632460089,4104.0,0.3015829832995568
37,557.1264947148015,520.390728874207,390.00000000000006,390,13.038949718765025,10.0,0.23306706324601556,4212.000000000001,0.29997944147379885
38,570.1654444335662,533.0234115191116,400,400,13.038949718764684,10.0,0.23306706324599546,4320.0,0.29844924152255137
39,583.2043941523312,545.6560941640165,410.00000000000006,410,13.038949718765025,10.0,0.23306706324601556,4428.000000000001,0.2969874642389796
40,596.243343871096,558.2887768089212,420,420,13.038949718764798,10.0,0.23306706324600224,4536.0,0.2955896207190175
41,609.282293589861,570.921459453826,430,430,13.038949718764911,10.0,0.2330670632460089,4644.0,0.2942516063178836
42,622.321243308626,583.5541420987308,440.0000000000001,440,13.038949718765025,10.0,0.23306706324601556,4752.000000000002,0.2929696603948452
43,635.3601930273908,596.1868247436355,450,450,13.038949718764798,10.0,0.23306706324600224,4860.0,0.2917403310147253
44,648.3991427461557,608.8195073885403,460,460,13.038949718764911,10.0,0.2330670632460089,4968.0,0.2905604439084103
45,661.4380924649207,621.452190033445,470,470,13.038949718765025,10.0,0.23306706324601556,5076.0,0.2894270751046495
46,674.4770421836855,634.0848726783498,480,480,13.038949718764798,10.0,0.23306706324600224,5184.0,0.2883375267363394
47,687.5159919024504,646.7175553232545,489.99999999999994,490,13.038949718764911,10.0,0.2330670632460089,5291.999999999999,0.2872893055998549
48,700.5549416212154,659.3502379681594,500.00000000000006,500,13.038949718765025,10.0,0.23306706324601556,5400.000000000001,0.2862801041087423
49,713.5938913399802,671.982920613064,509.99999999999994,510,13.038949718764798,10.0,0.23306706324600224,5507.999999999999,0.28530778333552353
50,726.632841058745,684.6156032579688,520,520,13.038949718764798,10.0,0.23306706324600224,5616.0,0.28437035787932363
51,739.67179077751,697.2482859028736,530,530,13.038949718764911,10.0,0.2330670632460089,5724.0,0.2834659823340192
52,752.7107404962749,709.8809685477784,540,540,13.038949718764911,10.0,0.2330670632460089,5832.0,0.2825929391628331
53,765.7496902150399,722.5136511926831,550,550,13.038949718765025,10.0,0.23306706324601556,5940.0,0.2817496278117363
54,778.7886399338047,735.1463338375879,560,560,13.038949718764798,10.0,0.23306706324600224,6048.0,0.2809345549164678
55,791.8275896525697,747.7790164824928,570.0000000000001,570,13.038949718765025,10.0,0.23306706324601556,6156.000000000002,0.2801463254771168
56,804.8665393713346,760.4116991273975,580,580,13.038949718764911,10.0,0.2330670632460089,6264.0,0.2793836348905415
57,817.9054890900993,773.0443817723021,590,590,13.038949718764684,10.0,0.23306706324599546,6372.0,0.2786452617448977
58,830.9444388088643,785.6770644172069,600,600,13.038949718765025,10.0,0.23306706324601556,6480.0,0.2779300612925658
59,843.9833885276291,798.3097470621117,610,610,13.038949718764798,10.0,0.23306706324600224,6588.0,0.27723695952810723
60,857.0223382463942,810.9424297070165,620,620,13.038949718765025,10.0,0.23306706324601556,6696.0,0.2765649478068215
61,870.061287965159,823.5751123519212,630,630,13.038949718764798,10.0,0.23306706324600224,6804.0,0.2759130779471849
62,883.100237683924,836.207794996826,640,640,13.038949718765025,10.0,0.23306706324601556,6912.0,0.27528045776716636
63,896.1391874026889,848.8404776417308,650,650,13.038949718764911,10.0,0.2330670632460089,7020.0,0.2746662470102246
64,909.1781371214538,861.4731602866357,660.0000000000001,660,13.038949718764911,10.0,0.2330670632460089,7128.000000000002,0.27406965362186997
65,922.2170868402186,874.1058429315403,670,670,13.038949718764798,10.0,0.23306706324600224,7236.0,0.27348993034209224
66,935.2560365589836,886.7385255764452,680.0000000000001,680,13.038949718765025,10.0,0.23306706324601556,7344.000000000002,0.27292637158283173
67,948.2949862777485,899.3712082213499,690,690,13.038949718764911,10.0,0.2330670632460089,7452.0,0.27237831056305495
68,961.3339359965133,912.0038908662547,700,700,13.038949718764798,10.0,0.23306706324600224,7560.0,0.27184511667698075
69,974.3728857152782,924.6365735111593,710,710,13.038949718764911,10.0,0.2330670632460089,7668.0,0.2713261930736143
70,987.4118354340433,937.2692561560642,720,720,13.038949718765025,10.0,0.23306706324601556,7776.0,0.2708209744280564
71,1000.4507851528082,949.901938800969,730,730,13.038949718764911,10.0,0.2330670632460089,7884.0,0.2703289248870945
72,1013.4897348715731,962.5346214458738,740,740,13.038949718764911,10.0,0.2330670632460089,7992.0,0.26984953617337726
73,1026.528684590338,975.1673040907785,750,750,13.038949718764798,10.0,0.23306706324600224,8100.0,0.26938232583407407
74,1039.5676343091027,987.7999867356832,760,760,13.038949718764798,10.0,0.23306706324600224,8208.0,0.26892683562133357
75,1052.6065840278677,1000.432669380588,770,770,13.038949718765025,10.0,0.23306706324601556,8316.0,0.2684826299931121
76,1065.6455337466327,1013.0653520254928,780,780,13.038949718765025,10.0,0.23306706324601556,8424.0,0.26804929472406314
77,1078.6844834653975,1025.6980346703974,789.9999999999999,790,13.038949718764798,10.0,0.23306706324600224,8531.999999999998,0.2676264356171747
78,1091.7234331841623,1038.3307173153023,800,800,13.038949718764798,10.0,0.23306706324600224,8640.0,0.26721367730773227
79,1104.7623829029271,1050.963399960207,810,810,13.038949718764798,10.0,0.23306706324600224,8748.0,0.26681066215197813
80,1117.8013326216922,1063.5960826051119,820,820,13.038949718765025,10.0,0.23306706324601556,8856.0,0.2664170491935527
81,1130.840282340457,1076.2287652500165,830,830,13.038949718764798,10.0,0.23306706324600224,8964.0,0.2660325132014393
82,1143.879232059222,1088.8614478949212,839.9999999999999,840,13.038949718765025,10.0,0.23306706324601556,9071.999999999998,0.2656567437737074
83,1156.9181817779868,1101.494130539826,850,850,13.038949718764798,10.0,0.23306706324600224,9180.0,0.2652894445018624
84,1169.9571314967516,1114.1268131847307,859.9999999999999,860,13.038949718764798,10.0,0.23306706324600224,9287.999999999998,0.264930332191075
85,1182.9960812155168,1126.7594958296356,870,870,13.038949718765252,10.0,0.233067063246029,9396.0,0.26457913613197803
86,1196.0350309342816,1139.3921784745405,880,880,13.038949718764798,10.0,0.23306706324600224,9504.0,0.26423559742009495
87,1209.0739806530464,1152.0248611194452,890,890,13.038949718764798,10.0,0.23306706324600224,9612.0,0.26389946831930655
88,1222.1129303718112,1164.6575437643498,900,900,13.038949718764798,10.0,0.23306706324600224,9720.0,0.26357051166606404
89,1235.1518800905765,1177.2902264092547,910,910,13.038949718765252,10.0,0.233067063246029,9828.0,0.2632485003113402
90,1248.190829809341,1189.9229090541594,919.9999999999999,920,13.03894971876457,10.0,0.2330670632459888,9935.999999999998,0.26293321659755475
91,1261.229779528106,1202.5555916990643,930,930,13.038949718765025,10.0,0.23306706324601556,10044.0,0.26262445186795136
92,1274.2687292468709,1215.188274343969,940,940,13.038949718764798,10.0,0.23306706324600224,10152.0,0.26232200600609046
93,1287.3076789656361,1227.8209569888738,950,950,13.038949718765252,10.0,0.233067063246029,10260.0,0.2620256870033324
94,1300.346628684401,1240.4536396337785,960,960,13.038949718764798,10.0,0.23306706324600224,10368.0,0.26173531055234067
95,1313.3855784031657,1253.0863222786834,970.0000000000001,970,13.038949718764798,10.0,0.23306706324600224,10476.000000000002,0.26145069966479995
96,1326.4245281219305,1265.719004923588,980,980,13.038949718764798,10.0,0.23306706324600224,10584.0,0.2611716843116805
97,1339.4634778406958,1278.351687568493,990.0000000000001,990,13.038949718765252,10.0,0.233067063246029,10692.000000000002,0.2608981010845134
98,1352.5024275594606,1290.9843702133976,1000,1000,13.038949718764798,10.0,0.23306706324600224,10800.0,0.26062979287625965
99,1365.5413772782256,1303.6170528583025,1010.0000000000001,1010,13.038949718765025,10.0,0.23306706324601556,10908.000000000002,0.26036660858046257
100,1378.5803269969902,1316.2497355032071,1020,1020,13.03894971876457,10.0,0.2330670632459888,11016.0,0.2601084028074724
101,1391.619276715755,1328.8824181481118,1030,1030,13.038949718764798,10.0,0.23306706324600224,11124.0,0.2598550356166254
102,1404.6582264345202,1341.5151007930167,1040,1040,13.038949718765252,10.0,0.233067063246029,11232.0,0.25960637226333805
103,1417.697176153285,1354.1477834379216,1050,1050,13.038949718764798,10.0,0.23306706324600224,11340.0,0.25936228296015784
104,1430.7361258720498,1366.7804660828263,1060,1060,13.038949718764798,10.0,0.23306706324600224,11448.0,0.2591226426508815
105,1443.7750755908146,1379.413148727731,1070,1070,13.038949718764798,10.0,0.23306706324600224,11556.0,0.2588873307969112
106,1456.8140253095798,1392.0458313726358,1080,1080,13.038949718765252,10.0,0.233067063246029,11664.0,0.2586562311750843
107,1469.8529750283446,1404.6785140175405,1090,1090,13.038949718764798,10.0,0.23306706324600224,11772.0,0.2584292316862641
108,1482.8919247471094,1417.3111966624451,1100,1100,13.038949718764798,10.0,0.23306706324600224,11880.0,0.25820622417402894
109,1495.9308744658745,1429.94387930735,1110,1110,13.038949718765025,10.0,0.23306706324601556,11988.0,0.2579871042528432
110,1508.9698241846395,1442.576561952255,1120,1120,13.038949718765025,10.0,0.23306706324601556,12096.0,0.2577717711451363
111,1522.0087739034043,1455.2092445971596,1130,1130,13.038949718764798,10.0,0.23306706324600224,12204.0,0.2575601275267573
112,1535.0477236221689,1467.8419272420642,1140,1140,13.03894971876457,10.0,0.2330670632459888,12312.0,0.257352079380305
113,1548.0866733409339,1480.4746098869691,1150,1150,13.038949718765025,10.0,0.23306706324601556,12420.0,0.257147535855871
114,1561.1256230596991,1493.107292531874,1160,1160,13.038949718765252,10.0,0.233067063246029,12528.0,0.25694640913876
115,1574.164572778464,1505.7399751767787,1170,1170,13.038949718764798,10.0,0.23306706324600224,12636.0,0.25674861432378515
116,1587.2035224972287,1518.3726578216833,1180,1180,13.038949718764798,10.0,0.23306706324600224,12744.0,0.2565540692957602
117,1600.2424722159938,1531.0053404665882,1190,1190,13.038949718765025,10.0,0.23306706324601556,12852.0,0.2563626946158326
118,1613.2814219347586,1543.6380231114929,1200,1200,13.038949718764798,10.0,0.23306706324600224,12960.0,0.25617441341332925
119,1626.3203716535234,1556.2707057563975,1210,1210,13.038949718764798,10.0,0.23306706324600224,13068.0,0.2559891512828062
120,1639.3593213722884,1568.9033884013024,1220,1220,13.038949718765025,10.0,0.23306706324601556,13176.0,0.2558068361860093
121,1652.3944322679704,1581.5323518330206,1229.9970558801394,1230,13.03511089568201,10.0,0.23284120250080997,13283.968203505505,0.25562566904090744
122,1665.4209444196938,1594.1529844401002,1239.9875171003223,1240,13.02651215172341,10.0,0.2323348043185145,13391.865184683482,0.2554434936375375
123,1678.4386208154715,1606.7650565953645,1249.971201888249,1250,13.017676395777698,10.0,0.2318137510897479,13499.688980393088,0.2552602254870149
124,1691.4455300250247,1619.3666970479624,1259.9466289664244,1260,13.006909209553214,10.0,0.23117784256883434,13607.423592837386,0.255075036332173
125,1704.4443806278614,1631.9605299835894,1269.9158756336844,1270,12.998850602836683,10.0,0.23070121308896774,13715.091456843791,0.25488915072008766
126,1717.5930196848774,1644.6994842707309,1280,1280,13.148639057015998,10.0,0.2394650156082817,13824.0,0.2547710747946341
127,1730.6319694036424,1657.3321669156358,1290,1290,13.038949718765025,10.0,0.23306706324601556,13932.0,0.25460755215072073
128,1743.6709191224072,1669.9648495605404,1300,1300,13.038949718764798,10.0,0.23306706324600224,14040.0,0.2544464751099408
129,1756.7098688411725,1682.5975322054453,1310,1310,13.038949718765252,10.0,0.233067063246029,14148.0,0.25428778921578443
130,1769.7488185599373,1695.23021485035,1320,1320,13.038949718764798,10.0,0.23306706324600224,14256.0,0.2541314416166145
131,1782.7877682787023,1707.8628974952549,1330,1330,13.038949718765025,10.0,0.23306706324601556,14364.0,0.2539773810069793
132,1795.8267179974673,1720.4955801401597,1340,1340,13.038949718765025,10.0,0.23306706324601556,14472.0,0.2538255575714795
133,1808.865667716232,1733.1282627850644,1350,1350,13.038949718764798,10.0,0.23306706324600224,14580.0,0.2536759229310649
134,1821.9046174349971,1745.7609454299693,1360,1360,13.038949718765025,10.0,0.23306706324601556,14688.0,0.25352843009163584
135,1834.943567153762,1758.393628074874,1370,1370,13.038949718764798,10.0,0.23306706324600224,14796.0,0.2533830333948365
136,1851.5245694939665,1771.0263107197788,1380,1380,16.581002340204577,10.0,0.3969001514611318,14904.0,0.2546682756809634
137,1875.2907385382093,1783.6589933646835,1390,1390,23.766169044242815,10.0,0.5792338268155831,15012.0,0.2587816004021296
138,1899.0288706065899,1796.2916760095882,1400,1400,23.738132068380537,10.0,0.5787368622268256,15120.0,0.26278108686530366
139,1922.9160683301807,1808.924358654493,1410,1410,23.887197723590816,10.0,0.5813657124743403,15228.0,0.2667386667456506
140,1946.588020300721,1821.5570412993977,1420,1420,23.67195197054025,10.0,0.5775591293677428,15336.0,0.27051847376486493
141,1970.4039848534135,1834.1897239443024,1430,1430,23.81596455269255,10.0,0.5801135839837553,15444.0,0.2742605014035314
142,1994.3639619882579,1846.8224065892073,1440,1440,23.959977134844394,10.0,0.5826373312578312,15552.0,0.27796529247128554
143,2018.0960606874073,1859.455089234112,1450,1450,23.732098699149446,10.0,0.5786297652487684,15660.0,0.28150100074716045
144,2042.0376610144885,1872.1530850272102,1460.0517017248271,1460,23.941600327081233,10.0,0.5823169770030523,15768.558378628131,0.28502787785281636
145,2065.530381645783,1884.656134043804,1469.9490840687401,1470,23.49272063129456,10.0,0.574336231339718,15875.450107942394,0.28831838395486276
146,2090.6869389586905,1898.0411187932557,1480.5446045339443,1480,25.156557312907353,10.0,0.6024893281057504,15989.881728966599,0.2920987009479552
147,2118.752298431183,1912.8953830172293,1492.303202957981,1490,28.065359472492673,10.0,0.643688868129369,16116.874591946196,0.2967559251247722
148,2146.811976385262,1927.7522763312927,1504.0638825631604,1500,28.05967795407878,10.0,0.643616722317143,16243.889931682133,0.301289532339178
149,2174.5165497287244,1942.4758824053558,1515.7190523223735,1510,27.70457334346247,10.0,0.6390487636814761,16369.765765081635,0.3055927763859163
150,2202.5707974169663,1957.3572699379101,1527.4991214896747,1520,28.054247688241958,10.0,0.6435477396818172,16496.990512088487,0.3098973246251342
151,2230.5746804152595,1972.2130153768173,1539.25889243975,1530,28.003882998293193,10.0,0.6429066640290745,16623.9960383493,0.31407811025848975
152,2258.5484350828674,1987.0654337832582,1551.0160297192426,1540,27.973754667607864,10.0,0.6425220668865208,16750.97312096782,0.318146126034487
153,2286.494227561474,2001.9204242876217,1562.7752030650206,1550,27.945792478606563,10.0,0.6421643792118139,16877.97219310222,0.32210631397348355
154,2314.400961949381,2016.7721128890712,1574.5317626327064,1560,27.90673438790691,10.0,0.6416635547176959,17004.94303643323,0.3259594920466856
155,2342.4739934527543,2031.6263632848893,1586.2903501104101,1570,28.073031503373386,10.0,0.6437862437906517,17131.93578119243,0.3297684395266839
156,2370.18061513253,2046.3756814625933,1597.9658735065852,1580,27.706621679775708,10.0,0.6390754486210262,17258.03143387112,0.33338413540621525
157,2398.1638076052477,2061.2292050385245,1609.7238856354834,1590,27.983192472717747,10.0,0.6426426323676431,17385.017964863222,0.3369927463012887
158,2426.0931010547224,2076.0795032224773,1621.479344552155,1600,27.9292934494747,10.0,0.6419529903937444,17511.976921163274,0.34050346241683216
159,2454.1764391231445,2090.929459114851,1633.234532511668,1610,28.08333806842211,10.0,0.6439169739852133,17638.93295112602,0.343975447594453
160,2482.2065993206324,2105.7819469755505,1644.9917247709782,1620,28.03016019748793,10.0,0.6432414253238481,17765.910627526566,0.3473548896198302
161,2510.172434377726,2120.6312353122185,1656.7463842950638,1630,27.9658350570935,10.0,0.6424208331492853,17892.86095038669,0.35064221976285126
162,2538.076200757082,2135.4830563766427,1668.5030487201093,1640,27.903766379356057,10.0,0.6416254399478393,18019.83292617718,0.3538413072425466
163,2566.1519508126703,2150.3572038686134,1680.2773866893847,1650,28.075750055588287,10.0,0.6438207356811267,18146.995776245356,0.35701391358471024
164,2594.1293944015583,2165.208177919653,1692.0333806207523,1660,27.977443588888036,10.0,0.6425692015702336,18273.960510704124,0.36009360073461305
165,2622.0279638917987,2180.056271902375,1703.7870946972403,1670,27.898569490240334,10.0,0.6415586826594006,18400.900622730198,0.3630884098118967
166,2650.068808222809,2194.906621453448,1715.542594275996,1680,28.04084433101025,10.0,0.643377357616117,18527.860018180756,0.36605419648456494
167,2678.024856627968,2209.7541331725783,1727.29584743408,1690,27.95604840515898,10.0,0.6422956544117798,18654.795152288065,0.36893789621954376
168,2705.8947030248405,2224.60136415389,1739.0488783608089,1700,27.869846396872617,10.0,0.641189267511638,18781.727886296736,0.3717419979056762
169,2733.9008925010203,2239.450837968924,1750.8036847091053,1710,28.00618947617977,10.0,0.6429360728097142,18908.679794858337,0.37452012079499264
170,2761.811907880378,2254.2975251018515,1762.5562851268128,1720,27.91101537935765,10.0,0.6417185163605417,19035.607879369578,0.3772204417352747
171,2789.8562893467415,2269.1464366381642,1774.3106463766792,1730,28.044381466363575,10.0,0.6434223371268146,19162.554980868135,0.37989637437378976
172,2817.7995829008396,2283.992606208235,1786.0628370929232,1740,27.94329355409809,10.0,0.6421323785386985,19289.47864060357,0.3824968920576237
173,2846.050220505887,2298.9849344368863,1797.9307266379033,1750,28.25063760504736,10.0,0.6460256883471769,19417.651847689354,0.38511274769812864
174,2873.4524617577845,2313.5600812072585,1809.4683763834628,1760,27.40224125189752,10.0,0.6350663470161394,19542.2584649414,0.38749639208461073
175,2901.5448579792837,2328.4082048379746,1821.2221139292287,1770,28.092396221499257,10.0,0.6440317899137793,19669.19883043567,0.38998013588089864
176,2929.5237846481123,2343.253213156671,1832.9733854017877,1780,27.978926668828535,10.0,0.642588147917016,19796.11256233931,0.3923927126559208
177,2957.3882766288525,2358.0979373415316,1844.724431954713,1790,27.86449198074024,10.0,0.6411203187586576,19923.0238651109,0.394736222448128
178,2985.374910240055,2372.9453693325027,1856.4776220001859,1800,27.986633611202706,10.0,0.6426865717784249,20049.95831760201,0.3970606526416941
179,3013.4762705115695,2387.7895685525336,1868.2282529922643,1810,28.101360271514295,10.0,0.6441453401764052,20176.865132316456,0.39936477426028205
180,3041.6416669340742,2402.7813121712475,1880.095679761479,1820,28.165396422504728,10.0,0.6449544025586732,20305.033341423972,0.4016389176327497
181,3069.489389958906,2417.6201797733447,1891.8420902581302,1830,27.847723024831794,10.0,0.6409042135659347,20431.894574787806,0.4038096349228626
182,3097.4347998272274,2432.4471211761575,1903.5790600052433,1840,27.94540986832135,10.0,0.6421594799603958,20558.653848056627,0.4059600543964206
183,3125.5109351365554,2447.2882794860006,1915.3272838204193,1850,28.076135309328038,10.0,0.6438256230843284,20685.53466526053,0.40809677572951053
184,3153.4383521393697,2462.117417172984,1927.0659921405913,1860,27.92741700281431,10.0,0.6419289331701432,20812.312715118387,0.4101676353564576
185,3181.493561475542,2476.9607018987917,1938.815899221329,1870,28.055209336172084,10.0,0.6435599577898419,20939.211711590353,0.4122257474779504
186,3209.393925946909,2491.791873142058,1950.5562172995703,1880,27.900364471367084,10.0,0.6415817431251638,21066.00714683536,0.41421961797808304
187,3237.419153081688,2506.6371288305086,1962.3076845894084,1890,28.025227134779016,10.0,0.6431786278873686,21192.92299356561,0.4162016375911919
188,3265.2028530913294,2521.4075902376962,1973.9999449131847,1900,27.783700009641507,10.0,0.6400767357648622,21319.199405062394,0.418106596899125
189,3293.203648136071,2536.266154333058,1985.7619471046628,1910,28.000795044741608,10.0,0.6428672834460125,21446.22902873036,0.4200176472289997
190,3321.052989470025,2551.124447023111,1997.523734452377,1920,27.849341333953817,10.0,0.64092508041445,21573.25633208567,0.4218701098453733
191,3349.0030184569155,2565.9824709077784,2009.2853090144201,1930,27.95002898689063,10.0,0.642218617923785,21700.28133735574,0.4237090891338564
192,3376.9559239786167,2580.7650327336455,2020.987147999372,1940,27.95290552170127,10.0,0.6422554359425539,21826.66119839322,0.4255181164122638
193,3404.8876882823142,2595.6533351857383,2032.7726909996925,1950,27.93176430369749,10.0,0.6419846633649189,21953.94506279668,0.4272938849904535
194,3432.876950746339,2610.510456757388,2044.5335512930064,1960,27.989262464024705,10.0,0.6427201319486983,22080.962353964467,0.4290503189827768
195,3460.9639338691213,2625.3673217074765,2056.2942084453343,1970,28.086983122782385,10.0,0.6439631854982448,22207.977451209612,0.43079441518546124
196,3488.8846159867844,2640.2239325246105,2068.0546644266506,1980,27.92068211766309,10.0,0.6418425610857899,22334.990375807825,0.43248338138577747
197,3516.8008022290537,2655.004936926984,2079.7552705590583,1990,27.916186242269305,10.0,0.6417848801689646,22461.35692203783,0.4341448060581997
198,3544.9106971554165,2669.8610100703017,2091.5153009191254,2000,28.109894926362813,10.0,0.6442533838637184,22588.365249926555,0.435810893175706
199,3572.887198196414,2684.7473085150027,2103.299257552205,2010,27.97650104099739,10.0,0.6425571594765987,22715.631981563813,0.43742976240205855
200,3600.9151652613273,2699.602826516689,2115.0588484635446,2020,28.027967064913355,10.0,0.6432135096762532,22842.635563406282,0.43903149413590703
201,3628.663146452798,2714.382641412903,2126.7585129858503,2030,27.7479811914709,10.0,0.6396134215676283,22968.991940247182,0.440565321698591
202,3656.5999952080615,2729.2376470648737,2138.5176983224364,2040,27.936848755263327,10.0,0.6420498214525362,23095.991141882314,0.44210468668342173
203,3684.62566029534,2744.09241781509,2150.2766977113806,2050,28.025665087278412,10.0,0.6431842038767792,23222.988335282913,0.4436341194465646
204,3712.740142682281,2758.9469559660215,2162.0355129753125,2060,28.11448238694129,10.0,0.6443114312983107,23349.983540133377,0.4451537352916527
205,3740.6660632139333,2773.8012638023597,2173.7941459227886,2070,27.925920531652082,10.0,0.641909745153586,23476.97677596612,0.4466226161280267
206,3768.7182514452197,2788.685411635561,2185.5764001371813,2080,28.052188231286436,10.0,0.6435215706685207,23604.22512148156,0.4480882195949867
207,3796.425055831027,2803.4571999992777,2197.2697108764282,2090,27.706804385807118,10.0,0.6390778286534362,23730.512877465426,0.4494820866304432
208,3824.6837326305567,2818.3677535857037,2209.072867819059,2100,28.258676799529894,10.0,0.6461263890400432,23857.986972445837,0.45093499311231855
209,3849.178092551203,2833.1543494563343,2220.7779001437607,2110,24.494359920646275,10.0,0.5917427508864599,23984.401321552614,0.4518310274904662
210,3869.1232953507288,2847.9115210206937,2232.4596402611787,2120,19.94520279952576,10.0,0.4986263062595798,24110.564114820732,0.4520722556069835
211,3889.24042218071,2862.7958967272707,2244.2420748595655,2130,20.117126829981316,10.0,0.5029111222236458,24237.81440848331,0.452335220046463
212,3909.347217611571,2877.6726283787407,2256.0184584430403,2140,20.106795430860984,10.0,0.5026557049139981,24364.999351184833,0.45259403146404575
213,3929.437749412947,2892.5373268023227,2267.7853165534016,2150,20.090531801376073,10.0,0.502253096191557,24492.08141877674,0.452847929625248
214,3949.502965621995,2907.383294579593,2279.5373475309693,2160,20.065216209047776,10.0,0.5016251060633568,24619.00335333447,0.4530957391850373
215,3969.6000760033517,2922.2528604008344,2291.3080586611495,2170,20.097110381356742,10.0,0.5024160284616546,24746.127033540415,0.45334543569820107
216,3989.676864271077,2937.1073901795535,2303.066867297659,2180,20.076788267725533,10.0,0.5019123643359076,24873.12216681472,0.45358983342168724
217,4009.6158843612475,2951.8599872452924,2314.7449862534054,2190,19.93902009017029,10.0,0.4984708398518598,24999.24585153678,0.453813017715317
218,4029.7003845191157,2966.7202229417235,2326.508311680111,2200,20.084500157868206,10.0,0.5021036161518588,25126.2897661452,0.45405370373149045
219,4049.8127385804546,2981.6010673447386,2338.2879509074264,2210,20.11235406133892,10.0,0.502793160387796,25253.509869800208,0.4542957557156947
220,4069.900987297809,2996.46407654696,2350.053471834382,2220,20.088248717354418,10.0,0.5021965259041765,25380.577495811325,0.45453218470703927
221,4090.018869480445,3011.3490111282113,2361.836348836564,2230,20.117882182636095,10.0,0.5029297860869729,25507.832567434893,0.4547702416142455
222,4109.962047587162,3026.1046846511895,2373.51690310817,2240,19.94317810671646,10.0,0.49857540525939537,25633.98255356824,0.45498280177184647
223,4130.083096286628,3040.991962093157,2385.301634713038,2250,20.121048699465973,10.0,0.5030080116914877,25761.257654900808,0.45521677226712876
224,4150.192521179013,3055.87063924577,2397.079558350353,2260,20.109424892385505,10.0,0.5027207364947304,25888.459230183817,0.4554469489145615
225,4170.164331033522,3070.6474969912706,2408.776881999547,2270,19.971809854509047,10.0,0.4992942516052298,26014.79032559511,0.4556569430352857
226,4190.282354121723,3085.5325358265436,2420.5598415289523,2280,20.11802308820097,10.0,0.5029332675403427,26142.046288512687,0.45588392205663564
227,4210.268158135768,3100.3197476514315,2432.265361441504,2290,19.985804014045243,10.0,0.4996448482646788,26268.46590356824,0.4560916516505279
228,4230.395140713863,3115.2114154857077,2444.0535684699475,2300,20.126982578094612,10.0,0.5031545358973186,26395.778539475432,0.45631556308664734
229,4250.384367907574,3130.00116007249,2455.761093310483,2310,19.989227193711486,10.0,0.49973053469791207,26522.21980775322,0.4565197403224047
230,4270.520210665359,3144.8993834275643,2467.5544896728015,2320,20.135842757784303,10.0,0.5033731579904146,26649.588488466256,0.4567406579165826
231,4290.508727889202,3159.6886027177507,2479.2615986898645,2330,19.9885172238437,10.0,0.4997127656837246,26776.025265850538,0.45694085532223405
232,4310.668382999362,3174.6044444932977,2491.0689417497833,2340,20.159655110159292,10.0,0.5039597678950082,26903.544570897662,0.4571607481501909
233,4330.6612476054415,3189.3968803497005,2502.778596992622,2350,19.99286460607982,10.0,0.4998215514869737,27030.00884752032,0.4573576953636379
234,4350.679698349845,3204.2082470255446,2514.5032378248034,2360,20.018450744403708,10.0,0.5004608434648437,27156.63496850788,0.45755602259225925
235,4370.95623429196,3219.2105672644643,2526.379037020132,2370,20.276535942114606,10.0,0.5068191120737797,27284.893599817427,0.4577845503447576
236,4390.916520067899,3233.9788985083155,2538.0696111119364,2380,19.960285775939155,10.0,0.4990051689513204,27411.151800008916,0.4579719315722275
237,4410.929734684599,3248.7863910478254,2549.791185187481,2390,20.01321461669977,10.0,0.5003301472790069,27537.744800024793,0.4581641187329193
238,4434.098512957389,3265.92864020642,2563.3609467658016,2400,23.168778272790405,10.0,0.5683846648166132,27684.29822507066,0.4587400363373335
239,4457.7716481562165,3283.4440558733736,2577.226106019223,2410,23.673135198827367,10.0,0.5775802437652895,27834.04194500761,0.4593711409607977
240,4481.357062552974,3300.894568167875,2591.0398879252693,2420,23.585414396757187,10.0,0.5760091456618662,27983.230789592908,0.45998500761701056
241,4505.006878822037,3318.3927304907193,2604.891389474627,2430,23.649816269063194,10.0,0.577163734118256,28132.82700632597,0.46060015769933893
242,4528.784010541404,3335.9850917024805,2618.8174586289542,2440,23.77713171936739,10.0,0.5794278251041266,28283.228553192705,0.46122402960252806
243,4552.606530417952,3353.6110349654855,2632.770111251091,2450,23.82251987654763,10.0,0.5802291255575939,28433.91720151178,0.46184675006933273
244,4576.226003910687,3371.0867471001557,2646.6038412876155,2460,23.61947349273487,10.0,0.5766205371565158,28583.32148590625,0.4624391369880404
245,4599.8686512737695,3388.5796052515384,2660.4511440681044,2470,23.642647363082688,10.0,0.5770355220196401,28732.872355935528,0.46302814552845517
246,4623.691051320747,3406.205459854351,2674.4037265070547,2480,23.822400046977236,10.0,0.5802270140590274,28883.560246276193,0.4636319830903075
247,4647.2494134151575,3423.6359565355274,2688.201664103632,2490,23.558362094410768,10.0,0.575522272731664,29032.577972319228,0.46419918999566756
248,4671.072574680316,3441.262374352834,2702.1546923817673,2500,23.823161265158888,10.0,0.5802404270072716,29183.270677723085,0.4647910174739476
249,4694.692649350946,3458.738531290469,2715.988774523207,2510,23.620074670629947,10.0,0.5766313130062048,29332.67876485064,0.46535371163285544
250,4718.337511574421,3476.2330281855197,2729.837374529087,2520,23.644862223474775,10.0,0.5770751419277912,29482.243644914142,0.4659135778612151
251,4742.160486004103,3493.8593077659175,2743.790293379231,2530,23.82297442968229,10.0,0.5802371349758711,29632.935168495693,0.46648789987876194
252,4765.920993195987,3511.4393687264987,2757.7066256854746,2540,23.760507191883335,10.0,0.5791335631330281,29783.231557403127,0.46704949502389936
253,4789.541822626652,3528.9160841003372,2771.5411498836165,2550,23.620829430665253,10.0,0.5766448409716847,29932.64441874306,0.46758999202108564
254,4813.162782762745,3546.392896181261,2785.3757506348456,2560,23.620960136093345,10.0,0.5766471835867595,30082.058106856337,0.4681251984312558
255,4836.925409343583,3563.9745252475527,2799.2933242496492,2570,23.762626580837605,10.0,0.5791711002156601,30232.367901896214,0.46867073967370243
256,4860.749425933327,3581.6015759073416,2813.246853484312,2580,23.824016589744133,10.0,0.5802554971228133,30383.06601763057,0.4692176506291298
257,4884.394995296641,3599.096596005091,2827.0958676561404,2590,23.64556936331428,10.0,0.5770877898370745,30532.635370686316,0.4697398546812853
258,4908.016880464336,3616.574092503726,2840.9310101907186,2600,23.621885167694927,10.0,0.5766637620575724,30682.054910059764,0.47025447073156357
259,4931.778739354375,3634.1551535665267,2854.8481341753786,2610,23.76185889003864,10.0,0.5791575042055248,30832.359849094086,0.47077917766812094
260,4955.400991954113,3651.6329219228987,2868.683491911862,2620,23.622252599738204,10.0,0.5766703468359818,30981.781712648106,0.47128395779595045
261,4979.225347397803,3669.260223295897,2882.637219610474,2630,23.824355443689456,10.0,0.5802614671513063,31132.481971793117,0.47180538808622774
262,5002.787655503496,3686.693639574637,2896.4374683531837,2640,23.562308105693774,10.0,0.5755933605849282,31281.524658214385,0.47229421238861236
263,5026.612871224142,3704.321577454306,2910.391699908885,2650,23.825215720645247,10.0,0.5802766230009533,31432.23035901596,0.4728060290517977
264,5050.377752266786,3721.9048745647888,2924.3105939433003,2660,23.764881042644447,10.0,0.5792110222619804,31582.55441458764,0.473306724669041
265,5073.999512690846,3739.3822787673844,2938.1456634165647,2670,23.621760424060085,10.0,0.5766615264705488,31731.9731648989,0.47378788797241245
266,5097.764854790621,3756.9659170074738,2952.0648274883238,2680,23.765342099774898,10.0,0.5792191857362441,31882.300136873895,0.47427939963110066
267,5121.388870065783,3774.4449895422936,2965.9012176092056,2690,23.624015275161582,10.0,0.5767019330319324,32031.73315017942,0.47475185574700407
268,5145.036551167434,3791.9415720851707,2979.7514686086906,2700,23.64768110165096,10.0,0.5771255559048514,32181.31586097386,0.4752223870232065
269,5168.779250434051,3809.508457215404,2993.657370960571,2710,23.74269926661782,10.0,0.5788178973373943,32331.499606374167,0.475698251231676
270,5192.605785527089,3827.1373712799204,3007.612375261757,2720,23.82653509303782,10.0,0.5802998647956148,32482.213652826973,0.47617822104246277
271,5216.143905772884,3844.5528913055164,3021.3984573752186,2730,23.538120245794744,10.0,0.5751572387439658,32631.103339652364,0.4766248689997574
272,5257.331045357638,3869.0184846962043,3035.408454028614,2740,41.18713958475382,10.0,0.7572057661488665,32782.411303509034,0.4788230042276884
273,5280.631771405231,3886.243067066761,3049.224248486581,2750,23.300726047593344,10.0,0.5708288239785186,32931.621883655076,0.4792289788333042
274,5304.132567347586,3903.6155469910295,3063.1586712026374,2760,23.50079594235467,10.0,0.5744824973362989,33082.11364898849,0.479651014571044
275,5327.456523889257,3920.857302026418,3076.988239812135,2770,23.323956541671578,10.0,0.5712562754036361,33231.47298997106,0.4800520684535238
276,5350.957593125862,3938.2299839778398,3090.9228245736654,2780,23.501069236604962,10.0,0.5744874456850615,33381.96650539559,0.48046682269144825
277,5374.282187230237,3955.472210318339,3104.7527712158135,2790,23.324594104374228,10.0,0.5712679948362047,33531.329929130785,0.48086090331667297
278,5397.783456841391,3972.845040392524,3118.687474786242,2800,23.501269611154385,10.0,0.5744910736544331,33681.82472769142,0.48126855729064943
279,5421.10724214627,3990.0866688446363,3132.5169418636106,2810,23.323785304879493,10.0,0.5712531276855849,33831.182972127,0.4816557071305062
280,5444.6086220217785,4007.459580429477,3146.4517108135324,2820,23.501379875508064,10.0,0.5744930700677074,33981.678476786146,0.48205643494851746
281,5467.934483154582,4024.7027433946764,3160.2824087200115,2830,23.325861132803766,10.0,0.5712912829641801,34131.05001417612,0.4824371051411528
282,5491.635800735148,4042.2234548147107,3174.335727548242,2840,23.701317580565956,10.0,0.5780825278591447,34282.82585752102,0.4828499006398389
283,5514.880459072705,4059.4065902840894,3188.118277550392,2850,23.244658337556757,10.0,0.5697936336692528,34431.67739754424,0.4832163596018887
284,5538.1842111171245,4076.633409560546,3201.93586622499,2860,23.303752044419525,10.0,0.5708845519408678,34580.907355229894,0.4835852526792169
285,5561.906642260095,4094.1697287472243,3216.001704003827,2870,23.72243114297089,10.0,0.5784580450573649,34732.818403241334,0.4839899004788458
286,5585.012714206164,4111.250417077799,3229.70208141206,2880,23.10607194606837,10.0,0.5672133271574289,34880.78247925025,0.48433420882384615
287,5608.6357708158075,4128.713275685123,3243.708996643848,2890,23.623056609643754,10.0,0.5766847548459224,35032.05716375356,0.4847231808066521
288,5632.026698742475,4146.004537939083,3257.5782748695938,2900,23.390927926667246,10.0,0.5724838265779392,35181.84536859162,0.4850876682371702
289,5655.362524965707,4163.255067392373,3271.4148814177543,2910,23.33582622323229,10.0,0.5714743543108678,35331.28071931175,0.4854441272060369
290,5678.7522885402395,4180.545468922972,3285.2834692594433,2920,23.38976357453248,10.0,0.5724625446454569,35481.061468001986,0.48580254048189786
291,5702.282809819002,4197.939922690649,3299.235517140363,2930,23.530521278762535,10.0,0.5750200396526916,35631.74358511592,0.4861706972942996
292,5725.62134050621,4215.192451363294,3313.0737272573697,2940,23.33853068720782,10.0,0.571524011771609,35781.196254379596,0.4865186107923668
293,5749.009347088469,4232.481554073501,3326.94127331847,2950,23.38800658225955,10.0,0.5724304264739999,35930.96575183948,0.48686811554863807
294,5772.537968467577,4249.874603379444,3340.8921946841438,2960,23.52862137910779,10.0,0.5749857231805563,36081.635702588756,0.48722727920215225
295,5795.924725907193,4267.16278268665,3354.759000086005,2970,23.386757439615394,10.0,0.5724075889605476,36231.397200928855,0.4875709847085483
296,5819.310875235978,4284.450512460435,3368.6254449182334,2980,23.386149328784995,10.0,0.5723964702606498,36381.154805116916,0.4879118741221814
297,5842.641824034652,4301.697436377962,3382.459159475172,2990,23.3309487986744,10.0,0.5713847693768814,36530.55892233185,0.4882451996800229
298,5865.9771287542335,4318.947580320407,3396.2954568060477,3000,23.335304719581472,10.0,0.571464777504763,36679.990933505316,0.4885762535120701
299,5889.3615394847075,4336.234024871158,3410.1608707640935,3010,23.384410730473974,10.0,0.5723646785348218,36829.73740425221,0.4889089454230787
300,5912.886272330035,4353.624199658502,3424.1094864855854,3020,23.52473284532789,10.0,0.5749154702096418,36980.382454044324,0.4892511269610573
301,6198.523995601282,4370.909705541834,3437.9741475408414,3030,285.6377232712466,10.0,0.964990618586804,37130.12079344109,0.511173950096796
302,6222.886499987919,4388.154322027746,3451.8060113126503,3040,24.36250438663683,10.0,0.5895331678017003,37279.504922176624,0.5114807252219846
303,6247.305500512926,4405.438928418787,3465.669950887388,3050,24.419000525007505,10.0,0.590482829558933,37429.23546958379,0.5117895227391098
304,6271.87083794612,4422.8271170942835,3479.6169735535323,3060,24.565337433194145,10.0,0.5929223432328103,37579.86331437815,0.5121072995498623
305,6296.237129784706,4440.074414468632,3493.4509876592538,3070,24.366291838585312,10.0,0.5895969700172239,37729.270666719945,0.5124071827795063
306,6320.654237436753,4457.357681019248,3507.3138525513364,3080,24.41710765204698,10.0,0.5904510828021163,37878.98960755443,0.5127086715553281
307,6345.217530348528,4474.744422512336,3521.259714436089,3090,24.563292911775534,10.0,0.592888460194763,38029.60491590977,0.5130190595955386
308,6369.633303792335,4492.026744664582,3535.1218218285994,3100,24.415773443806756,10.0,0.5904287028623059,38179.315675748876,0.5133157825342425
309,6393.991203540382,4509.268101829314,3548.9510713070385,3110,24.357899748047203,10.0,0.5894555727941317,38328.67157011602,0.5136058369492316
310,6418.609604608813,4526.693850766453,3562.9282209651446,3120,24.618401068431012,10.0,0.5937997771584228,38479.62478642356,0.5139134186070893
311,6442.966178573119,4543.934269495964,3576.7567177270394,3130,24.356573964305426,10.0,0.589433225926807,38628.972551452025,0.5141989088179288
312,6467.328450973047,4561.178721773725,3590.5884497879,3140,24.36227239992877,10.0,0.5895292591823562,38778.35525770932,0.5144826764554429
313,6491.94484970619,4578.603053389245,3604.56446261588,3150,24.616398733142887,10.0,0.5937667362149015,38929.29619625151,0.5147833087117859
314,6516.455720117499,4595.95268843788,3618.4805615143023,3160,24.510870411309043,10.0,0.5920177524423567,39079.59006435447,0.5150738168534625
315,6540.710642940236,4613.121155001724,3632.2513456239953,3170,24.254922822736262,10.0,0.5877125615660124,39228.31453273915,0.5153431831720666
316,6565.267066600673,4630.50303420303,3646.193307476665,3180,24.55642366043776,10.0,0.5927745775085829,39378.88772074798,0.5156328040061708
317,6589.6759929466025,4647.780509744473,3660.0515274147674,3190,24.408926345929103,10.0,0.5903138115016767,39528.55649607949,0.5159094311443411
318,6614.033852035354,4665.021838129162,3673.880753808805,3200,24.357859088751866,10.0,0.5894548874938739,39677.9121411351,0.5161802809619344
319,6638.587064903276,4682.401444621362,3687.820892727183,3210,24.553212867921502,10.0,0.5927213251563959,39828.46564145358,0.5164633726097303
320,6662.992968335379,4699.676780440683,3701.67739639952,3220,24.405903432103514,10.0,0.5902630677934255,39978.11588111482,0.5167336938066055
321,6687.543957009832,4717.0548125724345,3715.616272527318,3230,24.550988674453038,10.0,0.5926844278004301,40128.655743295036,0.5170125204763194
322,6711.947756405725,4734.328659082736,3729.4715816286143,3240,24.403799395892747,10.0,0.590227741271999,40278.293081589036,0.5172787218273831
323,6736.2942933162085,4751.561973241179,3743.294379831816,3250,24.346536910483337,10.0,0.5892639665030095,40427.579302183614,0.517538893271829
324,6760.842742788655,4768.93820803863,3757.231814322265,3260,24.54844947244692,10.0,0.5926422965644343,40578.10359468046,0.5178115918348749
325,6785.350069201841,4786.285334523798,3771.1459011082025,3270,24.507326413185183,10.0,0.5919587542352274,40728.37573196859,0.5180793965454682
326,6809.7049128648,4803.52452848665,3784.9734154878206,3280,24.354843662958956,10.0,0.5894040570168428,40877.71288726846,0.5183344885028028
327,6834.213822009477,4820.872775283471,3798.8884008729337,3290,24.50890914467709,10.0,0.5919851046421694,41027.994729427686,0.5185986148977945
328,6858.513815980216,4838.073144752269,3812.6847742229334,3300,24.299993970739706,10.0,0.5884772641490662,41176.995561607684,0.5188461978000163
329,6883.024299139119,4855.422505690364,3826.600653257977,3310,24.51048315890239,10.0,0.5920113065430158,41327.28705518615,0.5191067391097266
330,6907.5844510406005,4872.807023868598,3840.544731827443,3320,24.56015190148173,10.0,0.5928363944932811,41477.883103736385,0.519368887411886
331,6932.040121002332,4890.1175861450865,3854.4294905530087,3330,24.455669961731473,10.0,0.5910968697382603,41627.8384979725,0.5196219378605527
332,6956.350483149045,4907.325294564573,3868.2317504570074,3340,24.310362146713487,10.0,0.5886527753206714,41776.90290493568,0.5198631799690421
333,6980.912907582533,4924.711421318931,3882.177119261361,3350,24.56242443348765,10.0,0.5928740655435336,41927.5128880227,0.5201200696313952
334,7005.224782769202,4941.92020072001,3895.9802381970185,3360,24.311875186668658,10.0,0.5886783753528206,42076.5865725278,0.5203580036054497
335,7029.732185247665,4959.267381046791,3909.894368169179,3370,24.50740247846352,10.0,0.5919600207003681,42226.85917622714,0.5206076261237722
336,7054.247981391092,4976.620502697622,3923.813263662506,3380,24.515796143426996,10.0,0.5920997245410229,42377.18324755507,0.5208560843173724
337,7078.554262333081,4993.825322300378,3937.613206453827,3390,24.306280941988916,10.0,0.5885837070728054,42526.22262970133,0.5210886468669012
338,7103.071539885138,5011.179492543063,3951.5329430200595,3400,24.51727755205684,10.0,0.5921243711188044,42676.55578461664,0.5213338369312017
339,7127.589547876509,5028.534179815757,3965.453094294769,3410,24.518007991370723,10.0,0.5921365225299067,42826.89341838351,0.5215773892288836
340,7151.897851807856,5045.740431359789,3979.2541856426083,3420,24.308303931346927,10.0,0.5886179460219585,42975.945204940166,0.5218052507369785
341,7176.417309921899,5063.096145079064,3993.1751602275544,3430,24.51945811404312,10.0,0.5921606442732654,43126.29173045759,0.5220456319816038
342,7200.929536535392,5080.446740094136,4007.092029112656,3440,24.512226613493112,10.0,0.5920403251128825,43276.593914416684,0.5222838964683025
343,7225.247777736324,5097.66002557853,4020.898762366475,3450,24.31824120093188,10.0,0.5887860508753899,43425.70663355793,0.5225077248380694
344,7249.761334984937,5115.011562462794,4034.816386722501,3460,24.513557248613324,10.0,0.592062469816955,43576.016976603016,0.5227429097143943
345,7274.283600205566,5132.369263148423,4048.738955048192,3470,24.52226522062847,10.0,0.5922073303575617,43726.38071452047,0.5229770805331344
346,7298.603908729117,5149.5840119546965,4062.546862028832,3480,24.32030852355183,10.0,0.5888210056909442,43875.50610991139,0.5231964847636237
347,7323.119447245773,5166.936951248459,4076.4656112540106,3490,24.515538516655397,10.0,0.5920954380338744,44025.82860154332,0.5234271371454156
348,7347.643774805772,5184.296111728653,4090.389350477273,3500,24.52432755999962,10.0,0.5922416231175085,44176.20498515455,0.5236568201630707
349,7371.957904412631,5201.5064868856925,4104.1937493647965,3510,24.31412960685884,10.0,0.5887165133322695,44325.2924931398,0.5238713994963238
350,7396.42684226629,5218.82644063131,4118.086040964272,3520,24.468937853658645,10.0,0.5913185909495953,44475.32924241414,0.5240945290115977
351,7421.001676533932,5236.221351492067,4132.038455478409,3530,24.574834267642473,10.0,0.593079656566924,44626.015319166814,0.5243229750018426
352,7445.471974065431,5253.54226766431,4145.931519037874,3540,24.470297531498545,10.0,0.5913412990942245,44776.060405609045,0.5245432375098897
353,7469.788526166505,5270.754357545871,4159.7372933016495,3550,24.316552101074194,10.0,0.5887574867343859,44925.16276765782,0.524752275440673
354,7494.316876870154,5288.116365745175,4173.663316673291,3560,24.528350703649267,10.0,0.5923085037057862,45075.56382007155,0.5249733820320178
355,7518.643068155441,5305.335278572044,4187.474563604441,3570,24.326191285286768,10.0,0.5889204404123752,45224.72528692796,0.5251802795213907
356,7543.164276800269,5322.69223137707,4201.39653205697,3580,24.52120864482822,10.0,0.5921897592878602,45375.08254621527,0.525398112962933
357,7567.637737779155,5340.015386745912,4215.291391670429,3590,24.47346097888567,10.0,0.5913941224484989,45525.147030040636,0.5256115416204445
358,7592.014141669935,5357.269841777751,4229.13114691533,3600,24.37640389078024,10.0,0.589767217313697,45674.616386685564,0.5258175323672216
359,7616.488848341128,5374.593878890348,4243.026713773251,3610,24.474706671192507,10.0,0.5914149193146281,45824.688508751104,0.5260283219890411
360,7641.012462984953,5391.952534744014,4256.950048236837,3620,24.523614643825567,10.0,0.5922297693371337,45975.060520957835,0.5262407936727993
361,7665.342377177974,5409.174082772711,4270.763408856784,3630,24.329914193021068,10.0,0.588983342864873,46124.24481565327,0.5264399394855995
362,7689.818920766176,5426.499420118192,4284.660018628251,3640,24.47654358820182,10.0,0.5914455828305677,46274.32820118511,0.5266468511800368
363,7714.344319576805,5443.859338866336,4298.5843660563405,3650,24.525398810628758,10.0,0.5922594336909937,46424.711153408476,0.526855446322594
364,7738.676046063278,5461.082169698518,4312.398755609756,3660,24.33172648647269,10.0,0.589013956508202,46573.90656058537,0.527050883353378
365,7763.202595606383,5478.442902974591,4326.323756368662,3670,24.52654954310492,10.0,0.5922785639934716,46724.296568781545,0.5272569593794896
366,7787.681544126991,5495.769942613742,4340.221731545626,3680,24.478948520608355,10.0,0.5914857212277238,46874.39470069277,0.52745884906205
367,7812.209232581776,5513.131482050579,4354.1473789240645,3690,24.527688454784766,10.0,0.5922974960141734,47024.7916923799,0.5276624204315468
368,7836.543322936013,5530.355986109469,4367.96311056844,3700,24.33409035423756,10.0,0.589053880608338,47174.001594139154,0.5278530536326098
369,7861.024038270716,5547.684276360256,4381.862088857871,3710,24.480715334702836,10.0,0.5915152043852077,47324.11055966501,0.5280513096082411
370,7885.553424760905,5565.047017724812,4395.788700299527,3720,24.5293864901887,10.0,0.5923257190309339,47474.51796323489,0.5282512463463789
371,7909.889250709296,5582.272750296792,4409.605417331181,3730,24.335825948391175,10.0,0.589083188661567,47623.73850717676,0.5284384039048937
372,7934.419728675744,5599.6362642456925,4423.5326484608095,3740,24.530477966448416,10.0,0.5923438583757924,47774.152603376744,0.5286359774384904
373,7958.902750362427,5616.966187011542,4437.43293618649,3750,24.48302168668215,10.0,0.5915536845094727,47924.275710814094,0.5288295236640208
374,7983.231247559048,5634.1867320415695,4451.245492303713,3760,24.328497196621356,10.0,0.5889594034855239,48073.4513168801,0.5290127664597393
375,8007.77239331361,5651.557797016911,4465.178780092771,3770,24.54114575456242,10.0,0.5925210623819017,48223.93082500194,0.529207398158831
376,8032.053993782968,5668.745146934347,4478.964710493172,3780,24.281600469357727,10.0,0.5881655324730533,48372.81887332626,0.5293856337462591
377,8056.587199072399,5686.110591376029,4492.893490066234,3790,24.533205289430953,10.0,0.5923891769532431,48523.249692715326,0.529577486552077
378,8081.072995409217,5703.442478134444,4506.795353105443,3800,24.485796336817657,10.0,0.5915999683063742,48673.38981353878,0.5297654157859055
379,8105.404084230983,5720.664857605668,4520.609380623362,3810,24.33108882176657,10.0,0.5890031854614739,48822.58131073231,0.52994323781928
380,8129.948055392177,5738.037922500762,4534.544272543055,3820,24.54397116119344,10.0,0.5925679697745475,48973.07814346499,0.5301322992504989
381,8154.426262386032,5755.364437261836,4548.441826716626,3830,24.478206993855565,10.0,0.5914733459640175,49123.17172853956,0.5303164346869305
382,8178.768135020361,5772.594449885586,4562.261976767104,3840,24.341872634328865,10.0,0.5891852631790868,49272.42934908473,0.5304916416987483
383,8203.256629225705,5789.928246287908,4576.165371526915,3850,24.488494205344068,10.0,0.5916449612562245,49422.58601249068,0.5306741975761647
384,8227.793471905094,5807.296265399002,4590.0962162358755,3860,24.536842679388428,10.0,0.59244960198566,49573.039135347455,0.5308584235639253
385,8252.243897409127,5824.603115468394,4603.97799740941,3870,24.450425504033774,10.0,0.591009162668755,49722.96237202163,0.5310366431104849
386,8276.691180654261,5841.907741339124,4617.857994558758,3880,24.447283245133804,10.0,0.5909565942469094,49872.866341234585,0.5312136317144442
387,8301.137275731566,5859.211526183899,4631.73731712329,3890,24.446095077304562,10.0,0.590936713271484,50022.76302493153,0.5313895107634898
388,8325.582190249916,5876.514475388541,4645.61596942296,3900,24.444914518349833,10.0,0.590916957697136,50172.65246976796,0.5315642905348664
389,8350.025931763033,5893.816594299834,4659.493955746411,3910,24.443741513117857,10.0,0.590897326637436,50322.534722061246,0.5317379811808036
390,8374.468507769814,5911.117888225753,4673.371280351155,3920,24.442576006780655,10.0,0.590877819210795,50472.40982779248,0.5319105927303885
391,8398.909925714626,5928.4183624356765,4687.24794746375,3930,24.4414179448122,10.0,0.5908584345401064,50622.2778326085,0.5320821350914042
392,8423.35019298763,5945.718022160614,4701.123961279973,3940,24.440267273002974,10.0,0.5908391717529977,50772.138781823705,0.5322526180521359
393,8447.789316925084,5963.016872593423,4714.999325965003,3950,24.439123937454497,10.0,0.590820029981747,50921.99272042203,0.5324220512831441
394,8472.22730480968,5980.314918889039,4728.874045653602,3960,24.437987884595714,10.0,0.5908010083635642,51071.8396930589,0.5325904443390099
395,8496.664163870846,5997.612166164703,4742.748124450292,3970,24.436859061166615,10.0,0.5907821060403251,51221.679744063156,0.532757806660046
396,8521.12460403897,6014.926104956943,4756.635591470702,3980,24.460440168124478,10.0,0.5911766128791314,51371.66438788358,0.5329255016276255
397,8545.559290653371,6032.221814500249,4770.508436856113,3990,24.43468661440056,10.0,0.5907457231677157,51521.49111804602,0.5330908294833286
398,8569.992869204398,6049.5167397182795,4784.380653136182,4000,24.433578551026585,10.0,0.5907271634764345,51671.31105387077,0.5332551542284605
399,8594.425346718861,6066.810885584856,4798.252244300399,4010,24.432477514463244,10.0,0.5907087198144224,51821.12423844432,0.5334184848634564
400,8618.856730171861,6084.10425703719,4812.123214308887,4020,24.431383453000308,10.0,0.5906903913469564,51970.930714535985,0.5335808302825982
401,8643.435150388017,6101.50170615534,4826.077664752933,4030,24.57842021615579,10.0,0.5931390255331854,52121.638779331675,0.5337501896084582
402,8778.002643116835,6118.793538480832,4839.947400231629,4040,134.56749272881825,10.0,0.9256878478062149,52271.43192250159,0.5397586257087861
403,8802.742017814693,6136.084610846468,4853.816526148425,4050,24.739374697857784,10.0,0.5957860648407611,52421.21848240299,0.5399160861690884
404,8827.480312053896,6153.374928047959,4867.685046349948,4060,24.738294239203242,10.0,0.595768410574048,52570.99850057944,0.5400726077569289
405,8852.217532645209,6170.664494845542,4881.552964654373,4070,24.737220591312507,10.0,0.595750866064884,52720.77201826723,0.5402281987546449
406,8877.10367493341,6188.058147371615,4895.504369861404,4080,24.88614228820188,10.0,0.5981699419624054,52871.44719450316,0.5403906330934447
407,8901.714529200013,6205.259393049856,4909.301446016807,4090,24.610854266602473,10.0,0.5936752177850957,53020.45561698152,0.5405379506853761
408,8926.448627167822,6222.546777354568,4923.167613749156,4100,24.73409796780834,10.0,0.5956998305329309,53170.21022849088,0.5406907975113899
409,8951.331664493577,6239.938259731594,4937.117278285063,4110,24.88303732575514,10.0,0.5981198006864894,53320.86660547868,0.5408504394600013
410,8976.063665405303,6257.2241783424915,4950.982270388066,4120,24.732000911726573,10.0,0.5956655494356486,53470.60852019111,0.541001473075674
411,9000.794631782923,6274.509373887251,4964.846682521529,4130,24.730966377619552,10.0,0.595648635507848,53620.344171232515,0.5411516239447951
412,9025.524570100813,6291.793850891005,4978.710518315047,4140,24.72993831789063,10.0,0.595631826029845,53770.07359780251,0.5413008997045191
413,9050.403452238643,6309.18242908569,4992.657853413559,4150,24.87888213782935,10.0,0.598052679995835,53920.70481686643,0.5414569061036184
414,9075.131344225016,6326.465475848511,5006.520542014401,4160,24.727891986372924,10.0,0.5955983629534287,54070.421853755535,0.5416044305907234
415,9099.85822712833,6343.747817333677,5020.382664913799,4170,24.726882903314618,10.0,0.5955818596666097,54220.132781069035,0.5417511024986661
416,9124.584107235478,6361.029457935278,5034.244225636241,4180,24.725880107147532,10.0,0.5955654578657732,54369.8376368714,0.5418969291230046
417,9149.458931885723,6378.4152002332485,5048.189286069088,4190,24.8748246502455,10.0,0.5979871158649029,54520.44428954615,0.5420494226824808
418,9174.182814963384,6395.695445052548,5062.049727238036,4200,24.723883077660503,10.0,0.5955327903554279,54670.137054170795,0.5421935572125653
419,9198.932222094463,6412.993529379115,5075.924477431165,4210,24.74940713107935,10.0,0.5959499172227691,54819.98435625658,0.5423381868290966
420,9223.654194103223,6430.2724384964795,5089.783847236929,4220,24.72197200875962,10.0,0.595501524050883,54969.66555015884,0.5424806794363681
421,9248.375193438926,6447.550667784203,5103.642671753039,4230,24.7209993357028,10.0,0.5954856086437532,55119.34085493282,0.5426223621419588
422,9273.095226120658,6464.8282214492,5117.500954353849,4240,24.720032681732846,10.0,0.5954697904833428,55269.01030702157,0.542763241764554
423,9297.96421272635,6482.209883367126,5131.442741924064,4250,24.868986605692044,10.0,0.597892742532935,55419.58161277989,0.5429106949903162
424,9322.682318916317,6499.4860905506985,5145.299944515489,4260,24.71810618996642,10.0,0.5954382620113833,55569.239400767285,0.5430499662788908
425,9347.399476111217,6516.761634453868,5159.156615091361,4270,24.71715719490021,10.0,0.5954227291938226,55718.89144298671,0.5431884546164234
426,9372.265585117459,6534.141285133397,5173.0967894522855,4280,24.86610900624146,10.0,0.5978462091720915,55869.445326084686,0.5433334703194541
427,9396.980850318498,6551.415506666735,5186.952399358622,4290,24.715265201039074,10.0,0.5953917581438866,56019.08591307311,0.5434703902951343
428,9421.695183803637,6568.689076996587,5200.80748693627,4300,24.714333485138923,10.0,0.5953765046500994,56168.720858911714,0.5436065467929896
429,9446.558465203922,6586.066751379631,5214.746076114723,4310,24.863281400284905,10.0,0.5978004737586483,56319.25762203901,0.543749184861795
430,9471.298086200473,6603.357995890627,5228.615340108881,4320,24.73962099655182,10.0,0.5957900890480987,56469.04567317592,0.5438851189475105
431,9496.009693015789,6620.62966047121,5242.468899089807,4330,24.711606815315463,10.0,0.5953318586389,56618.66411016991,0.5440189995609769
432,9520.720390195638,6637.900689280968,5256.3219481205415,4340,24.710697179849376,10.0,0.5953169622363137,56768.27703970185,0.544152141631079
433,9545.580044206326,6655.2758283753565,5270.258503750303,4350,24.859654010688246,10.0,0.597741786925089,56918.791840503276,0.5442917057051735
434,9570.288926287714,6672.545588559726,5284.110535219785,4360,24.708882081387856,10.0,0.5952872344826732,57068.39378037368,0.5444233676139147
435,9594.99691516878,6689.814724460273,5297.962065952774,4370,24.70798888106583,10.0,0.5952726040093381,57217.990312289956,0.544554309017917
436,9619.853853011067,6707.187965145145,5311.897098873009,4380,24.856937842287152,10.0,0.5976978313480035,57368.4886678285,0.5446916276561691
437,9644.560058945975,6724.455854892488,5325.747630069627,4390,24.706205934908212,10.0,0.5952433964832022,57518.07440475198,0.5448211247408863
438,9669.415212175385,6741.827848259237,5339.681662519113,4400,24.855153229409552,10.0,0.5976689458438895,57668.56195520642,0.5449569696355911
439,9694.119656140221,6759.094506514175,5353.531205938753,4410,24.704443964836173,10.0,0.5952145284373206,57818.13702413854,0.5450850457362859
440,9718.823233481919,6776.360559060861,5367.38026352132,4420,24.703577341697383,10.0,0.5952003282082992,57967.706846030254,0.5452124301661502
441,9743.553675758478,6793.645388296064,5381.244381838802,4430,24.730442276559188,10.0,0.5956400662725501,58117.439323859064,0.5453404222504936
442,9768.405383336984,6811.014973396645,5395.176482624015,4440,24.85170757850574,10.0,0.5976131632641208,58267.906012339365,0.5454734088356137
443,9793.106419956353,6828.279250158205,5409.024115853771,4450,24.701036619369916,10.0,0.5951586909450489,58417.46045122072,0.5455987294356561
444,9817.956402299304,6845.647629441209,5422.955249455719,4460,24.84998234295017,10.0,0.5975852271445594,58567.91669412177,0.5457303111515655
445,9842.655737568715,6862.910717079535,5436.801928892703,4470,24.699335269411677,10.0,0.5951308044964161,58717.460832041186,0.5458542776277008
446,9867.504014143997,6880.277904151637,5450.732106225268,4480,24.84827657528149,10.0,0.5975576024476572,58867.9067472329,0.5459844765628262
447,9892.201667903082,6897.539816533228,5464.577842991761,4490,24.69765375908537,10.0,0.5951032394596849,59017.44070431101,0.5461071103545571
448,9916.898495283176,6914.801151334379,5478.423116482427,4500,24.696827380093964,10.0,0.5950896912345851,59166.96965801021,0.5462290955039666
449,10412.222145669477,7260.997334052865,5756.106209150467,4700,495.32365038630087,200.0,0.5962236007830015,62165.94705882505,0.5486074025077571
450,10907.4009255533,7607.092262541098,6033.708086053558,4900,495.17877988382315,200.0,0.5961054711453444,65164.04732937843,0.5507637398272827
451,11402.583409302808,7953.189779769359,6311.312039378554,5100,495.1824837495078,200.0,0.5961084921954314,68162.17002528839,0.5527329363064197
452,11897.79247315841,8299.305874610982,6588.930893760782,5300,495.2090638556019,200.0,0.5961301708760363,71160.45365261644,0.5545392128870229
453,12393.040636959035,8645.449297547482,6866.571667939592,5500,495.24816380062475,200.0,0.5961620564826258,74158.97401374759,0.5562025364786045
454,12888.249707449551,8991.565397026441,7144.190526041415,5700,495.20907049051675,200.0,0.5961301762871688,77157.2576812473,0.5577366881163595
455,13407.448960293605,9354.448936434905,7435.258505792096,5900,519.1992528440533,200.0,0.6147914333380753,80300.79186255464,0.5599461152175218
456,13984.91573105561,9758.057347881972,7758.99180359276,6100,577.4667707620047,200.0,0.6536597253274208,83797.1114788018,0.5638157485315387
457,14562.173740668148,10161.519850057415,8082.608067931427,6300,577.2580096125384,200.0,0.6535344738928056,87292.16713365943,0.5673722816253846
458,15139.753341185085,10565.207121519392,8406.4046191529,6500,577.5796005169377,200.0,0.6537273826482122,90789.16988685132,0.5706667173818565
459,15717.076471389766,10968.715138380838,8730.057390707425,6700,577.3231302046806,200.0,0.6535735543298027,94284.6198196402,0.5737120696589981
460,16294.496775639713,11372.291073023927,9053.76463894481,6900,577.4203042499466,200.0,0.6536318544257036,97780.65810060393,0.5765441489229968
461,16871.852258089035,11775.821701815144,9377.435547471672,7100,577.3554824493222,200.0,0.6535929664137983,101276.30391269406,0.5791807626459047
462,17449.17016504232,12179.32606799346,9701.085390822383,7300,577.3179069532853,200.0,0.6535704200559582,104771.72222088174,0.5816419960976239
463,18026.444624767755,12582.800067633812,10024.710877248912,7500,577.274459725435,200.0,0.6535443468343904,108266.87747428825,0.5839445794155526
464,18603.766594134948,12986.307273151995,10348.362998027033,7700,577.3219693671927,200.0,0.653572857760425,111762.32037869195,0.5861053211435412
465,19181.13891030587,13389.84966752346,10672.043343696398,7900,577.3723161709204,200.0,0.6536030661698825,115258.0681119211,0.5881370737711829
466,19758.559742196834,13793.425970950288,10995.750887734299,8100,577.4208318909659,200.0,0.6536321709332338,118754.10958753043,0.5900510914921874
467,20336.082980821826,14197.073849437938,11319.515841949546,8300,577.5232386249918,200.0,0.6536935890646165,122250.77109305511,0.5918584710818002
468,20947.756962351043,14624.590680722864,11662.426023531107,8500,611.6739815292167,200.0,0.6730284333821268,125954.20105413595,0.5942286319591702
469,21567.842724405993,15057.986751381079,12010.051928315885,8700,620.0857620549505,200.0,0.6774639699237659,129708.56082581155,0.5966216876129595
470,22186.304352435072,15491.296120636676,12357.548374957596,8900,618.4616280290793,200.0,0.6766169622562319,133461.52244954204,0.5988516222160644
471,22789.386939343414,15925.712286850743,12705.255074395336,9100,603.0825869083419,200.0,0.6683704614565558,137216.75480346964,0.6006913207353624
472,23392.71043368568,16360.301984992493,13053.100668787993,9300,603.3234943422649,200.0,0.6685028813306246,140973.48722291033,0.6024402547809111
473,23995.81539450105,16794.734267717176,13400.820267880828,9500,603.1049608153699,200.0,0.6683827642047426,144728.85889311295,0.604097637699903
474,24598.946619399154,17229.185469147822,13748.555009505917,9700,603.1312248981048,200.0,0.6683972048805984,148484.3941026639,0.6056741717407357
475,25201.987991346003,17663.57194714679,14096.23794649629,9900,603.0413719468488,200.0,0.6683477961813411,152239.36982215996,0.6071738466267218
476,25805.11462690758,18098.019842758258,14443.97004214371,10100,603.1266355615771,200.0,0.6683946816346819,155994.8764551521,0.6086047225123155
477,26408.25287737473,18532.4761048901,14791.708834354034,10300,603.1382504671492,200.0,0.6684010675079987,159750.45541102358,0.6099704116047554
478,27011.356234108072,18966.90723215253,15139.427508614885,10500,603.1033567333434,200.0,0.668381882197966,163505.81709304077,0.6112746095014168
479,27630.448342232132,19412.85547536638,15496.364482483252,10700,619.0921081240595,200.0,0.6769462938139696,167360.7364108191,0.612746059438875
480,28280.542758027368,19881.13549193045,15871.175807741132,10900,650.0944157952363,200.0,0.6923523796841917,171408.69872360423,0.6145759968872571
481,28930.574931102223,20349.370673434532,16245.951247017001,11100,650.0321730748547,200.0,0.6923229214118161,175456.2734677836,0.6163228685764282
482,29580.37807230829,20817.440877291207,16620.59463818388,11300,649.8031412060664,200.0,0.6922144764816153,179502.4220923859,0.6179900076876127
483,30230.529447519486,21285.76192321286,16995.438803339573,11500,650.1513752111969,200.0,0.6923793325284724,183550.7390760674,0.6195898579955696
484,30880.34255111572,21753.839303239823,17370.087938313154,11700,649.8131035962324,200.0,0.6922191951914347,187596.94973378206,0.621118192564309
485,31530.457894711704,22222.134394646324,17744.91132947492,11900,650.1153435959859,200.0,0.6923622831392671,191645.0423583291,0.6225871492340151
486,32180.316866839486,22690.244814976653,18119.586909907313,12100,649.8589721277822,200.0,0.6922409190640921,195691.53862699898,0.6239937583564145
487,32830.256880932786,23158.4136119551,18494.309215008863,12300,649.9400140932994,200.0,0.6922792939914455,199738.53952209573,0.6253456058961386
488,33480.46730652319,23626.77719340987,18869.18742560526,12500,650.2104255904051,200.0,0.6924072698182351,203787.22419653682,0.6266479829699225
489,34130.42485920359,24094.95862389148,19243.91984256274,12700,649.9575526803965,200.0,0.692287597589706,207834.3342996776,0.6278979809835175
490,34780.18974207387,24563.00126926791,19618.541175922033,12900,649.7648828702804,200.0,0.6921963539849718,211880.24469995798,0.6290992057356499
491,35430.195675012066,25031.217549315017,19993.30148647174,13100,650.0059329381984,200.0,0.6923105007735126,215927.6560538948,0.6302588865113419
492,36080.37126826296,25499.556040124302,20368.15961451549,13300,650.1755932508968,200.0,0.6923907909246574,219976.1238367673,0.631378516004935
493,36730.2379362168,25967.672003959487,20742.839631969175,13500,649.8666679538364,200.0,0.6922445635968406,224022.66802526708,0.6324554166122427
494,37380.19627378411,26435.853999815674,21117.572501452465,13700,649.9583375673101,200.0,0.6922879691818895,228069.78301568664,0.6334957714064162
495,38058.22231953362,26924.253900230233,21508.487781744276,13900,678.0260457495096,200.0,0.7050260808507522,232291.6680428382,0.6347701192321393
496,38748.326744037484,27421.354172876465,21906.366839970324,14100,690.1044245038647,200.0,0.7101887875247495,236588.76187167954,0.6361133193404362
497,39438.73656392296,27918.67442980635,22304.421973617,14300,690.4098198854772,200.0,0.7103169824073834,240887.75731506362,0.637412319818554
498,40128.89973174514,28415.817016801713,22702.33490024809,14500,690.163167822182,200.0,0.7102134548398137,245185.21692267936,0.6386644015427776
499,40819.144181877295,28913.01815357159,23100.2946901187,14700,690.2444501321515,200.0,0.7102475797353984,249483.18265328195,0.639874860322857
500,41509.21097529858,29410.091319564475,23498.152052179405,14900,690.0667934212834,200.0,0.7101729833884345,253780.04216353758,0.6410435262460967
